"TimeSeriesID","begin","end","span","completeness","Protocol","Latitude","Longitude","BioRealm","HydroBasin","Country","Region","ORIGIN"
"G7438",2004,2013,10,1,"Electrofishing",47.0737,5.165636186,"Palearctic",2080016510,"FRA","BOURGOGNE","one"
"G7441",2004,2013,10,1,"Electrofishing",46.51408,4.946774568,"Palearctic",2080016510,"FRA","BOURGOGNE","one"
"G7450",2004,2013,10,0.8,"Electrofishing",47.13404,5.179873916,"Palearctic",2080016510,"FRA","BOURGOGNE","one"
"G7456",2004,2013,10,0.9,"Electrofishing",46.94337,5.018529049,"Palearctic",2080016510,"FRA","BOURGOGNE","one"
"G7971",2004,2013,10,0.9,"Electrofishing",44.28374,4.597914602,"Palearctic",2080016510,"FRA","LANGUEDOC-ROUSSILLON","one"
"G7986",2004,2013,10,1,"Electrofishing",44.17545,3.75054294,"Palearctic",2080016510,"FRA","LANGUEDOC-ROUSSILLON","one"
"G8614",2004,2013,10,1,"Electrofishing",44.61489,6.334245081,"Palearctic",2080016510,"FRA","PROVENCE-ALPES-COTE D'AZUR","one"
"G8629",2004,2013,10,0.9,"Electrofishing",43.67891,4.622915558,"Palearctic",2080016510,"FRA","PROVENCE-ALPES-COTE D'AZUR","one"
"G8637",2004,2012,10,0.8,"Electrofishing",44.26627,6.275183589,"Palearctic",2080016510,"FRA","PROVENCE-ALPES-COTE D'AZUR","one"
"G8679",2004,2013,10,1,"Electrofishing",46.18851,4.546427802,"Palearctic",2080016510,"FRA","RHONE-ALPES","one"
"G8680",2004,2013,10,1,"Electrofishing",45.94411,4.728940626,"Palearctic",2080016510,"FRA","RHONE-ALPES","one"
"G8696",2004,2013,10,1,"Electrofishing",45.81158,5.088671483,"Palearctic",2080016510,"FRA","RHONE-ALPES","one"
"G8697",2004,2013,10,1,"Electrofishing",45.6457,4.816577863,"Palearctic",2080016510,"FRA","RHONE-ALPES","one"
"G8708",2004,2013,10,1,"Electrofishing",45.58124,4.780833767,"Palearctic",2080016510,"FRA","RHONE-ALPES","one"
"G8722",2004,2013,10,1,"Electrofishing",45.71204,5.548479468,"Palearctic",2080016510,"FRA","RHONE-ALPES","one"
"G12786",2004,2013,10,1,"Electrofishing",41.7516,2.399272,"Palearctic",2080016960,"ESP","CATALUNA","tor"
"G12787",2004,2013,10,1,"Electrofishing",41.72961,2.603859,"Palearctic",2080016960,"ESP","CATALUNA","tor"
"G12790",2004,2013,10,1,"Electrofishing",41.72662,2.422229,"Palearctic",2080016960,"ESP","CATALUNA","tor"
"G12791",2004,2013,10,1,"Electrofishing",41.72785,2.418851,"Palearctic",2080016960,"ESP","CATALUNA","tor"
"G12792",2004,2013,10,1,"Electrofishing",41.71138,2.434891,"Palearctic",2080016960,"ESP","CATALUNA","tor"
"G12793",2004,2013,10,0.8,"Electrofishing",41.68959,2.456891,"Palearctic",2080016960,"ESP","CATALUNA","tor"
"G12794",2004,2013,10,1,"Electrofishing",41.67996,2.467521,"Palearctic",2080016960,"ESP","CATALUNA","tor"
"G12795",2004,2013,10,1,"Electrofishing",41.69346,2.507932,"Palearctic",2080016960,"ESP","CATALUNA","tor"
"G8846",2004,2013,10,1,"Electrofishing",42.67485,-2.334549,"Palearctic",2080017150,"ESP","PAIS VASCO","pai"
"G8873",2004,2013,10,1,"Electrofishing",42.677,-2.896588,"Palearctic",2080017150,"ESP","PAIS VASCO","pai"
"G8884",2004,2013,10,1,"Electrofishing",42.77704,-3.045683,"Palearctic",2080017150,"ESP","PAIS VASCO","pai"
"G8890",2004,2013,10,1,"Electrofishing",42.86955,-2.26487,"Palearctic",2080017150,"ESP","PAIS VASCO","pai"
"G8896",2005,2013,10,0.8,"Electrofishing",42.69162,-2.84529,"Palearctic",2080017150,"ESP","PAIS VASCO","pai"
"G8897",2005,2013,10,0.8,"Electrofishing",42.88558,-2.498491,"Palearctic",2080017150,"ESP","PAIS VASCO","pai"
"G8899",2004,2013,10,0.9,"Electrofishing",42.87408,-3.068161,"Palearctic",2080017150,"ESP","PAIS VASCO","pai"
"G8931",2004,2013,10,1,"Electrofishing",42.86305,-2.577459,"Palearctic",2080017150,"ESP","PAIS VASCO","pai"
"G8853",2004,2013,10,0.8,"Electrofishing",43.17052,-2.897998,"Palearctic",2080020120,"ESP","PAIS VASCO","pai"
"G8871",2004,2013,10,1,"Electrofishing",43.14021,-2.939267,"Palearctic",2080020120,"ESP","PAIS VASCO","pai"
"G8877",2004,2013,10,1,"Electrofishing",43.21178,-2.754653,"Palearctic",2080020120,"ESP","PAIS VASCO","pai"
"G8879",2004,2013,10,0.9,"Electrofishing",43.23463,-2.88092,"Palearctic",2080020120,"ESP","PAIS VASCO","pai"
"G8900",2004,2013,10,0.9,"Electrofishing",43.22955,-2.849528,"Palearctic",2080020120,"ESP","PAIS VASCO","pai"
"G8910",2004,2013,10,1,"Electrofishing",43.21169,-3.095792,"Palearctic",2080020120,"ESP","PAIS VASCO","pai"
"G8916",2004,2013,10,1,"Electrofishing",43.24153,-2.996502,"Palearctic",2080020120,"ESP","PAIS VASCO","pai"
"G8917",2004,2013,10,0.8,"Electrofishing",43.18203,-2.668698,"Palearctic",2080020120,"ESP","PAIS VASCO","pai"
"G8932",2004,2013,10,0.9,"Electrofishing",43.15482,-2.612329,"Palearctic",2080020120,"ESP","PAIS VASCO","pai"
"G8241",2004,2013,10,1,"Electrofishing",43.54374,-1.063647133,"Palearctic",2080020330,"FRA","AQUITAINE","one"
"G8244",2004,2013,10,0.9,"Electrofishing",43.71326,-0.406402852,"Palearctic",2080020330,"FRA","AQUITAINE","one"
"G8245",2004,2013,10,1,"Electrofishing",43.7722,-0.43785662,"Palearctic",2080020330,"FRA","AQUITAINE","one"
"G8325",2004,2013,10,1,"Electrofishing",43.49785,0.028239529,"Palearctic",2080020330,"FRA","MIDI-PYRENEES","one"
"G8328",2004,2013,10,1,"Electrofishing",42.72969,-0.007806789,"Palearctic",2080020330,"FRA","MIDI-PYRENEES","one"
"G8333",2005,2013,10,0.9,"Electrofishing",42.85233,-0.143208746,"Palearctic",2080020330,"FRA","MIDI-PYRENEES","one"
"G8507",2004,2013,10,1,"Electrofishing",43.33698,-1.026560739,"Palearctic",2080020330,"FRA","AQUITAINE","one"
"G8508",2005,2012,10,0.8,"Electrofishing",43.17057,-0.898311791,"Palearctic",2080020330,"FRA","AQUITAINE","one"
"G7981",2004,2013,10,1,"Electrofishing",44.07533,3.491412752,"Palearctic",2080020590,"FRA","LANGUEDOC-ROUSSILLON","one"
"G7993",2004,2013,10,1,"Electrofishing",44.72055,3.52518019,"Palearctic",2080020590,"FRA","LANGUEDOC-ROUSSILLON","one"
"G8252",2004,2013,10,1,"Electrofishing",44.47406,1.425225645,"Palearctic",2080020590,"FRA","MIDI-PYRENEES","one"
"G8253",2004,2013,10,1,"Electrofishing",44.09135,1.102034196,"Palearctic",2080020590,"FRA","MIDI-PYRENEES","one"
"G8254",2004,2013,10,1,"Electrofishing",44.08287,1.348029188,"Palearctic",2080020590,"FRA","MIDI-PYRENEES","one"
"G8261",2005,2013,10,0.8,"Electrofishing",44.29637,2.838236118,"Palearctic",2080020590,"FRA","MIDI-PYRENEES","one"
"G8266",2004,2013,10,0.9,"Electrofishing",44.53032,2.792184644,"Palearctic",2080020590,"FRA","MIDI-PYRENEES","one"
"G8275",2004,2013,10,1,"Electrofishing",44.68598,2.837887003,"Palearctic",2080020590,"FRA","MIDI-PYRENEES","one"
"G8277",2004,2013,10,1,"Electrofishing",43.95292,1.171936526,"Palearctic",2080020590,"FRA","MIDI-PYRENEES","one"
"G8280",2004,2013,10,0.9,"Electrofishing",44.58554,2.22970346,"Palearctic",2080020590,"FRA","MIDI-PYRENEES","one"
"G8293",2004,2013,10,1,"Electrofishing",43.51213,1.387766842,"Palearctic",2080020590,"FRA","MIDI-PYRENEES","one"
"G8301",2004,2013,10,1,"Electrofishing",42.64471,1.449303835,"Palearctic",2080020590,"FRA","MIDI-PYRENEES","one"
"G8306",2004,2013,10,1,"Electrofishing",43.08432,1.83997429,"Palearctic",2080020590,"FRA","MIDI-PYRENEES","one"
"G8308",2004,2013,10,1,"Electrofishing",43.76631,2.316885261,"Palearctic",2080020590,"FRA","MIDI-PYRENEES","one"
"G8310",2004,2013,10,1,"Electrofishing",44.10212,3.086332566,"Palearctic",2080020590,"FRA","MIDI-PYRENEES","one"
"G8320",2004,2013,10,1,"Electrofishing",43.84377,0.671387005,"Palearctic",2080020590,"FRA","MIDI-PYRENEES","one"
"G8427",2004,2012,10,0.8,"Electrofishing",44.28879,0.320432989,"Palearctic",2080020590,"FRA","AQUITAINE","one"
"G7264",2004,2013,10,1,"Electrofishing",46.3937,2.603677491,"Palearctic",2080021030,"FRA","AUVERGNE","one"
"G7265",2004,2012,10,0.9,"Electrofishing",46.34047,3.310242911,"Palearctic",2080021030,"FRA","AUVERGNE","one"
"G7267",2004,2013,10,1,"Electrofishing",46.19145,3.418680007,"Palearctic",2080021030,"FRA","AUVERGNE","one"
"G7272",2004,2013,10,0.9,"Electrofishing",46.20657,3.649999803,"Palearctic",2080021030,"FRA","AUVERGNE","one"
"G7293",2004,2013,10,1,"Electrofishing",45.11562,3.490677038,"Palearctic",2080021030,"FRA","AUVERGNE","one"
"G7294",2004,2013,10,1,"Electrofishing",45.25327,3.654940367,"Palearctic",2080021030,"FRA","AUVERGNE","one"
"G7299",2004,2013,10,1,"Electrofishing",45.33064,4.153826302,"Palearctic",2080021030,"FRA","AUVERGNE","one"
"G7335",2005,2013,10,0.9,"Electrofishing",48.3854,0.83662611,"Palearctic",2080021030,"FRA","BASSE-NORMANDIE","one"
"G7357",2004,2013,10,1,"Electrofishing",48.64958,-0.580241592,"Palearctic",2080021030,"FRA","BASSE-NORMANDIE","one"
"G7358",2004,2013,10,1,"Electrofishing",48.69012,-0.744099437,"Palearctic",2080021030,"FRA","BASSE-NORMANDIE","one"
"G7635",2004,2013,10,1,"Electrofishing",48.06747,1.290440027,"Palearctic",2080021030,"FRA","CENTRE","one"
"G7643",2004,2013,10,1,"Electrofishing",47.06,1.088061001,"Palearctic",2080021030,"FRA","CENTRE","one"
"G7645",2004,2013,10,0.9,"Electrofishing",47.21082,0.078099578,"Palearctic",2080021030,"FRA","CENTRE","one"
"G7662",2005,2013,10,0.9,"Electrofishing",47.34448,0.479755215,"Palearctic",2080021030,"FRA","CENTRE","one"
"G8091",2004,2013,10,0.9,"Electrofishing",45.8415,1.098091361,"Palearctic",2080021030,"FRA","LIMOUSIN","one"
"G8096",2004,2013,10,1,"Electrofishing",45.98779,1.867253935,"Palearctic",2080021030,"FRA","LIMOUSIN","one"
"G8435",2004,2013,10,0.9,"Electrofishing",47.39273,-0.860737195,"Palearctic",2080021030,"FRA","PAYS DE LA LOIRE","one"
"G8439",2004,2013,10,0.9,"Electrofishing",48.27328,-0.202792883,"Palearctic",2080021030,"FRA","PAYS DE LA LOIRE","one"
"G8441",2004,2012,10,0.9,"Electrofishing",47.81489,-0.09125947,"Palearctic",2080021030,"FRA","PAYS DE LA LOIRE","one"
"G8442",2004,2013,10,0.9,"Electrofishing",48.2545,0.045863615,"Palearctic",2080021030,"FRA","PAYS DE LA LOIRE","one"
"G8454",2004,2013,10,1,"Electrofishing",47.86893,-0.697232395,"Palearctic",2080021030,"FRA","PAYS DE LA LOIRE","one"
"G8466",2004,2013,10,1,"Electrofishing",47.21547,-0.08005605,"Palearctic",2080021030,"FRA","PAYS DE LA LOIRE","one"
"G8569",2004,2012,10,0.9,"Electrofishing",46.60793,-0.418771064,"Palearctic",2080021030,"FRA","POITOU-CHARENTES","one"
"G8719",2004,2013,10,0.9,"Electrofishing",45.54269,4.048647996,"Palearctic",2080021030,"FRA","RHONE-ALPES","one"
"G7453",2004,2013,10,0.9,"Electrofishing",47.66271,3.709177013,"Palearctic",2080022150,"FRA","BOURGOGNE","one"
"G7701",2004,2013,10,1,"Electrofishing",48.54894,3.680825221,"Palearctic",2080022150,"FRA","CHAMPAGNE-ARDENNE","one"
"G7724",2004,2013,10,1,"Electrofishing",49.237,4.409559607,"Palearctic",2080022150,"FRA","CHAMPAGNE-ARDENNE","one"
"G7731",2004,2013,10,1,"Electrofishing",48.57321,3.777467513,"Palearctic",2080022150,"FRA","CHAMPAGNE-ARDENNE","one"
"G7734",2004,2013,10,1,"Electrofishing",48.22713,4.29717781,"Palearctic",2080022150,"FRA","CHAMPAGNE-ARDENNE","one"
"G7743",2004,2013,10,1,"Electrofishing",49.58374,4.307492368,"Palearctic",2080022150,"FRA","CHAMPAGNE-ARDENNE","one"
"G7745",2004,2013,10,1,"Electrofishing",49.48011,4.579073297,"Palearctic",2080022150,"FRA","CHAMPAGNE-ARDENNE","one"
"G7746",2004,2013,10,1,"Electrofishing",48.99656,4.241690712,"Palearctic",2080022150,"FRA","CHAMPAGNE-ARDENNE","one"
"G7748",2004,2013,10,1,"Electrofishing",48.50738,3.88982603,"Palearctic",2080022150,"FRA","CHAMPAGNE-ARDENNE","one"
"G7899",2004,2013,10,1,"Electrofishing",49.31014,1.23665644,"Palearctic",2080022150,"FRA","HAUTE-NORMANDIE","one"
"G7905",2004,2013,10,1,"Electrofishing",49.35352,1.325227245,"Palearctic",2080022150,"FRA","HAUTE-NORMANDIE","one"
"G7915",2004,2013,10,1,"Electrofishing",49.12606,2.171535869,"Palearctic",2080022150,"FRA","ILE-DE-FRANCE","one"
"G7917",2004,2013,10,1,"Electrofishing",49.14545,2.285255527,"Palearctic",2080022150,"FRA","ILE-DE-FRANCE","one"
"G7922",2005,2013,10,0.8,"Electrofishing",49.02871,1.618921412,"Palearctic",2080022150,"FRA","ILE-DE-FRANCE","one"
"G7926",2004,2012,10,0.8,"Electrofishing",48.29541,2.782063274,"Palearctic",2080022150,"FRA","ILE-DE-FRANCE","one"
"G8126",2004,2013,10,1,"Electrofishing",49.22789,5.034368743,"Palearctic",2080022150,"FRA","LORRAINE","one"
"G8515",2004,2013,10,1,"Electrofishing",49.3029,2.604164303,"Palearctic",2080022150,"FRA","PICARDIE","one"
"G8518",2004,2013,10,1,"Electrofishing",49.43615,2.876470159,"Palearctic",2080022150,"FRA","PICARDIE","one"
"G8519",2004,2013,10,0.9,"Electrofishing",49.26901,1.883369935,"Palearctic",2080022150,"FRA","PICARDIE","one"
"G7454",2004,2013,10,0.8,"Electrofishing",48.23275,7.162029213,"Palearctic",2080023010,"FRA","ALSACE","one"
"G7602",2004,2013,10,1,"Electrofishing",48.3125,7.713469027,"Palearctic",2080023010,"FRA","ALSACE","one"
"G7791",2004,2013,10,1,"Electrofishing",48.25271,7.675227352,"Palearctic",2080023010,"FRA","ALSACE","one"
"G7805",2004,2013,10,1,"Electrofishing",48.35528,7.580241699,"Palearctic",2080023010,"FRA","ALSACE","one"
"G7913",2004,2013,10,1,"Electrofishing",48.25453,7.679114042,"Palearctic",2080023010,"FRA","ALSACE","one"
"G8063",2004,2013,10,0.8,"Electrofishing",48.39486,7.402673795,"Palearctic",2080023010,"FRA","ALSACE","one"
"G8069",2004,2013,10,1,"Electrofishing",47.53952,7.175098786,"Palearctic",2080023010,"FRA","ALSACE","one"
"G8117",2004,2013,10,1,"Electrofishing",48.68385,7.916471249,"Palearctic",2080023010,"FRA","ALSACE","one"
"G8128",2004,2013,10,1,"Electrofishing",49.17183,5.681327109,"Palearctic",2080023010,"FRA","LORRAINE","one"
"G8143",2004,2013,10,1,"Electrofishing",49.44907,6.346834842,"Palearctic",2080023010,"FRA","LORRAINE","one"
"G8173",2004,2013,10,1,"Electrofishing",48.96434,6.877591998,"Palearctic",2080023010,"FRA","LORRAINE","one"
"G8181",2004,2013,10,1,"Electrofishing",48.128,6.51566334,"Palearctic",2080023010,"FRA","LORRAINE","one"
"G8184",2004,2013,10,1,"Electrofishing",48.5795,6.628375786,"Palearctic",2080023010,"FRA","LORRAINE","one"
"G351",2005,2013,10,0.9,"Electrofishing",62.257,21.70723,"Palearctic",2080029400,"FIN","WESTERN FINLAND","fin"
"G353",2005,2013,10,0.9,"Electrofishing",62.23097,21.62033,"Palearctic",2080029400,"FIN","WESTERN FINLAND","fin"
"G450",2005,2013,10,0.8,"Electrofishing",62.25215,21.50644,"Palearctic",2080029400,"FIN","WESTERN FINLAND","fin"
"G464",2005,2013,10,0.9,"Electrofishing",62.18825,21.79551,"Palearctic",2080029400,"FIN","WESTERN FINLAND","fin"
"G468",2005,2013,10,0.9,"Electrofishing",62.24074,21.56713,"Palearctic",2080029400,"FIN","WESTERN FINLAND","fin"
"G518",2005,2013,10,0.9,"Electrofishing",62.17077,21.87122,"Palearctic",2080029400,"FIN","WESTERN FINLAND","fin"
"G555",2005,2013,10,0.9,"Electrofishing",62.18614,21.80866,"Palearctic",2080029400,"FIN","WESTERN FINLAND","fin"
"G562",2005,2013,10,0.9,"Electrofishing",62.23755,21.74352,"Palearctic",2080029400,"FIN","WESTERN FINLAND","fin"
"G568",2005,2013,10,0.9,"Electrofishing",62.24244,21.73995,"Palearctic",2080029400,"FIN","WESTERN FINLAND","fin"
"G578",2005,2013,10,0.9,"Electrofishing",62.19841,21.79455,"Palearctic",2080029400,"FIN","WESTERN FINLAND","fin"
"G10135",2005,2013,10,0.8,"Electrofishing",67.17837,23.54941,"Palearctic",2080030100,"SWE","NORRBOTTEN","ser"
"G10137",2005,2013,10,0.8,"Electrofishing",67.18034,23.54981,"Palearctic",2080030100,"SWE","NORRBOTTEN","ser"
"G10143",2005,2013,10,0.8,"Electrofishing",67.24614,22.89947,"Palearctic",2080030100,"SWE","NORRBOTTEN","ser"
"G10145",2005,2013,10,0.8,"Electrofishing",67.2598,22.98133,"Palearctic",2080030100,"SWE","NORRBOTTEN","ser"
"G10149",2005,2013,10,0.8,"Electrofishing",67.25551,23.25805,"Palearctic",2080030100,"SWE","NORRBOTTEN","ser"
"G10168",2005,2013,10,0.9,"Electrofishing",67.35383,22.61583,"Palearctic",2080030100,"SWE","NORRBOTTEN","ser"
"G10175",2005,2013,10,0.9,"Electrofishing",67.38497,22.67041,"Palearctic",2080030100,"SWE","NORRBOTTEN","ser"
"G10185",2005,2013,10,0.9,"Electrofishing",67.4478,22.66175,"Palearctic",2080030100,"SWE","NORRBOTTEN","ser"
"G10189",2005,2013,10,0.9,"Electrofishing",67.50935,22.66322,"Palearctic",2080030100,"SWE","NORRBOTTEN","ser"
"G10198",2005,2013,10,0.8,"Electrofishing",67.69078,21.43046,"Palearctic",2080030100,"SWE","NORRBOTTEN","ser"
"G10203",2005,2013,10,0.9,"Electrofishing",67.6705,22.68281,"Palearctic",2080030100,"SWE","NORRBOTTEN","ser"
"G10204",2005,2013,10,0.8,"Electrofishing",67.73616,21.01847,"Palearctic",2080030100,"SWE","NORRBOTTEN","ser"
"G10205",2005,2013,10,0.8,"Electrofishing",67.73463,21.16798,"Palearctic",2080030100,"SWE","NORRBOTTEN","ser"
"G10206",2005,2013,10,0.9,"Electrofishing",67.69076,22.64488,"Palearctic",2080030100,"SWE","NORRBOTTEN","ser"
"G10207",2005,2013,10,0.8,"Electrofishing",67.77568,20.92657,"Palearctic",2080030100,"SWE","NORRBOTTEN","ser"
"G10224",2004,2013,10,0.9,"Electrofishing",67.76319,23.25594,"Palearctic",2080030100,"SWE","NORRBOTTEN","ser"
"G10232",2004,2013,10,1,"Electrofishing",68.12228,21.6376,"Palearctic",2080030100,"SWE","NORRBOTTEN","ser"
"G10233",2004,2013,10,0.9,"Electrofishing",68.12248,21.64198,"Palearctic",2080030100,"SWE","NORRBOTTEN","ser"
"G10234",2004,2013,10,1,"Electrofishing",68.12712,21.61758,"Palearctic",2080030100,"SWE","NORRBOTTEN","ser"
"G10239",2004,2013,10,1,"Electrofishing",68.27846,21.4434,"Palearctic",2080030100,"SWE","NORRBOTTEN","ser"
"G10240",2004,2013,10,1,"Electrofishing",68.28055,21.44295,"Palearctic",2080030100,"SWE","NORRBOTTEN","ser"
"G10241",2004,2013,10,1,"Electrofishing",68.29059,21.44932,"Palearctic",2080030100,"SWE","NORRBOTTEN","ser"
"G10242",2004,2013,10,1,"Electrofishing",68.29198,21.45088,"Palearctic",2080030100,"SWE","NORRBOTTEN","ser"
"G10244",2004,2013,10,1,"Electrofishing",68.37757,21.57075,"Palearctic",2080030100,"SWE","NORRBOTTEN","ser"
"G10245",2004,2013,10,1,"Electrofishing",68.38117,21.56825,"Palearctic",2080030100,"SWE","NORRBOTTEN","ser"
"G10246",2004,2013,10,1,"Electrofishing",68.38113,21.56946,"Palearctic",2080030100,"SWE","NORRBOTTEN","ser"
"G10247",2004,2013,10,1,"Electrofishing",68.38496,21.56532,"Palearctic",2080030100,"SWE","NORRBOTTEN","ser"
"G10003",2004,2013,10,0.9,"Electrofishing",65.881,23.00482,"Palearctic",2080030160,"SWE","NORRBOTTEN","ser"
"G10016",2004,2013,10,0.9,"Electrofishing",65.9501,22.87432,"Palearctic",2080030160,"SWE","NORRBOTTEN","ser"
"G10024",2004,2013,10,0.9,"Electrofishing",66.00251,22.84993,"Palearctic",2080030160,"SWE","NORRBOTTEN","ser"
"G10029",2004,2013,10,0.9,"Electrofishing",66.07586,22.73135,"Palearctic",2080030160,"SWE","NORRBOTTEN","ser"
"G10038",2004,2013,10,0.9,"Electrofishing",66.15986,22.80498,"Palearctic",2080030160,"SWE","NORRBOTTEN","ser"
"G10064",2004,2013,10,0.9,"Electrofishing",66.40654,22.80129,"Palearctic",2080030160,"SWE","NORRBOTTEN","ser"
"G10068",2004,2013,10,0.9,"Electrofishing",66.45647,22.65779,"Palearctic",2080030160,"SWE","NORRBOTTEN","ser"
"G10078",2004,2013,10,0.9,"Electrofishing",66.53137,22.75105,"Palearctic",2080030160,"SWE","NORRBOTTEN","ser"
"G10079",2004,2013,10,0.9,"Electrofishing",66.56617,22.46747,"Palearctic",2080030160,"SWE","NORRBOTTEN","ser"
"G10081",2004,2013,10,0.9,"Electrofishing",66.55626,22.75079,"Palearctic",2080030160,"SWE","NORRBOTTEN","ser"
"G10086",2005,2013,10,0.8,"Electrofishing",66.62494,22.40508,"Palearctic",2080030160,"SWE","NORRBOTTEN","ser"
"G10088",2004,2013,10,0.9,"Electrofishing",66.61378,22.75224,"Palearctic",2080030160,"SWE","NORRBOTTEN","ser"
"G10104",2005,2013,10,0.8,"Electrofishing",66.83121,22.76161,"Palearctic",2080030160,"SWE","NORRBOTTEN","ser"
"G10105",2005,2013,10,0.8,"Electrofishing",66.89819,22.00417,"Palearctic",2080030160,"SWE","NORRBOTTEN","ser"
"G10107",2004,2013,10,0.9,"Electrofishing",66.91207,22.78586,"Palearctic",2080030160,"SWE","NORRBOTTEN","ser"
"G10125",2005,2013,10,0.9,"Electrofishing",67.15355,21.53464,"Palearctic",2080030160,"SWE","NORRBOTTEN","ser"
"G10130",2005,2013,10,0.8,"Electrofishing",67.19177,21.6024,"Palearctic",2080030160,"SWE","NORRBOTTEN","ser"
"G10139",2004,2013,10,0.9,"Electrofishing",67.25057,22.3153,"Palearctic",2080030160,"SWE","NORRBOTTEN","ser"
"G10164",2004,2013,10,0.9,"Electrofishing",67.34325,22.00872,"Palearctic",2080030160,"SWE","NORRBOTTEN","ser"
"G10167",2004,2013,10,0.9,"Electrofishing",67.36925,21.9365,"Palearctic",2080030160,"SWE","NORRBOTTEN","ser"
"G10170",2004,2013,10,0.9,"Electrofishing",67.39216,21.89281,"Palearctic",2080030160,"SWE","NORRBOTTEN","ser"
"G10172",2004,2013,10,0.9,"Electrofishing",67.40593,21.91176,"Palearctic",2080030160,"SWE","NORRBOTTEN","ser"
"G10173",2004,2013,10,1,"Electrofishing",67.44558,20.87571,"Palearctic",2080030160,"SWE","NORRBOTTEN","ser"
"G10179",2004,2013,10,1,"Electrofishing",67.47175,20.56885,"Palearctic",2080030160,"SWE","NORRBOTTEN","ser"
"G10180",2005,2013,10,0.9,"Electrofishing",67.42914,21.84299,"Palearctic",2080030160,"SWE","NORRBOTTEN","ser"
"G10181",2004,2013,10,1,"Electrofishing",67.47736,20.53693,"Palearctic",2080030160,"SWE","NORRBOTTEN","ser"
"G10184",2004,2013,10,1,"Electrofishing",67.49525,21.06284,"Palearctic",2080030160,"SWE","NORRBOTTEN","ser"
"G10186",2004,2013,10,1,"Electrofishing",67.50994,21.04824,"Palearctic",2080030160,"SWE","NORRBOTTEN","ser"
"G10191",2004,2013,10,1,"Electrofishing",67.67527,20.55569,"Palearctic",2080030160,"SWE","NORRBOTTEN","ser"
"G10200",2004,2013,10,1,"Electrofishing",67.73372,20.32395,"Palearctic",2080030160,"SWE","NORRBOTTEN","ser"
"G10036",2005,2013,10,0.8,"Electrofishing",66.20481,21.54393,"Palearctic",2080030220,"SWE","NORRBOTTEN","ser"
"G10037",2005,2013,10,0.8,"Electrofishing",66.20836,21.44983,"Palearctic",2080030220,"SWE","NORRBOTTEN","ser"
"G10040",2005,2013,10,0.9,"Electrofishing",66.24847,21.35575,"Palearctic",2080030220,"SWE","NORRBOTTEN","ser"
"G10043",2005,2013,10,0.9,"Electrofishing",66.25488,21.34778,"Palearctic",2080030220,"SWE","NORRBOTTEN","ser"
"G10046",2005,2013,10,0.9,"Electrofishing",66.28797,21.34279,"Palearctic",2080030220,"SWE","NORRBOTTEN","ser"
"G10050",2005,2013,10,0.8,"Electrofishing",66.32216,21.37039,"Palearctic",2080030220,"SWE","NORRBOTTEN","ser"
"G10058",2005,2013,10,0.9,"Electrofishing",66.39968,21.25441,"Palearctic",2080030220,"SWE","NORRBOTTEN","ser"
"G10061",2005,2013,10,0.9,"Electrofishing",66.44563,21.17969,"Palearctic",2080030220,"SWE","NORRBOTTEN","ser"
"G10062",2005,2013,10,0.8,"Electrofishing",66.44898,21.1766,"Palearctic",2080030220,"SWE","NORRBOTTEN","ser"
"G10069",2005,2013,10,0.8,"Electrofishing",66.51782,21.10443,"Palearctic",2080030220,"SWE","NORRBOTTEN","ser"
"G10074",2005,2013,10,0.8,"Electrofishing",66.57591,21.08861,"Palearctic",2080030220,"SWE","NORRBOTTEN","ser"
"G9802",2004,2013,10,0.8,"Electrofishing",64.94975,21.21689,"Palearctic",2080030370,"SWE","VASTERBOTTEN","ser"
"G9834",2004,2013,10,1,"Electrofishing",65.02944,21.35653,"Palearctic",2080030370,"SWE","VASTERBOTTEN","ser"
"G9838",2004,2013,10,1,"Electrofishing",65.03844,21.32519,"Palearctic",2080030370,"SWE","VASTERBOTTEN","ser"
"G9849",2004,2013,10,1,"Electrofishing",65.08421,21.23722,"Palearctic",2080030370,"SWE","VASTERBOTTEN","ser"
"G9850",2004,2013,10,1,"Electrofishing",65.09353,21.19861,"Palearctic",2080030370,"SWE","VASTERBOTTEN","ser"
"G9856",2004,2013,10,0.9,"Electrofishing",65.10657,21.17862,"Palearctic",2080030370,"SWE","VASTERBOTTEN","ser"
"G9858",2004,2013,10,1,"Electrofishing",65.12375,21.11569,"Palearctic",2080030370,"SWE","VASTERBOTTEN","ser"
"G9861",2004,2013,10,1,"Electrofishing",65.13671,21.02997,"Palearctic",2080030370,"SWE","VASTERBOTTEN","ser"
"G9863",2004,2013,10,1,"Electrofishing",65.14151,20.9654,"Palearctic",2080030370,"SWE","VASTERBOTTEN","ser"
"G9868",2004,2013,10,0.9,"Electrofishing",65.15455,20.90488,"Palearctic",2080030370,"SWE","VASTERBOTTEN","ser"
"G9870",2004,2013,10,1,"Electrofishing",65.15723,20.91609,"Palearctic",2080030370,"SWE","VASTERBOTTEN","ser"
"G9878",2004,2013,10,1,"Electrofishing",65.16503,20.90069,"Palearctic",2080030370,"SWE","VASTERBOTTEN","ser"
"G9879",2004,2013,10,0.8,"Electrofishing",65.17488,20.84891,"Palearctic",2080030370,"SWE","VASTERBOTTEN","ser"
"G9880",2004,2013,10,1,"Electrofishing",65.17528,20.87442,"Palearctic",2080030370,"SWE","VASTERBOTTEN","ser"
"G9882",2004,2013,10,0.9,"Electrofishing",65.18686,20.79981,"Palearctic",2080030370,"SWE","VASTERBOTTEN","ser"
"G9893",2004,2013,10,1,"Electrofishing",65.20721,20.83664,"Palearctic",2080030370,"SWE","NORRBOTTEN","ser"
"G9905",2004,2013,10,1,"Electrofishing",65.25953,20.79941,"Palearctic",2080030370,"SWE","NORRBOTTEN","ser"
"G9924",2004,2013,10,1,"Electrofishing",65.38142,20.52085,"Palearctic",2080030370,"SWE","NORRBOTTEN","ser"
"G9929",2004,2013,10,1,"Electrofishing",65.41716,20.44399,"Palearctic",2080030370,"SWE","NORRBOTTEN","ser"
"G9809",2004,2013,10,0.9,"Electrofishing",64.97102,21.11863,"Palearctic",2080030420,"SWE","VASTERBOTTEN","ser"
"G9816",2004,2013,10,0.9,"Electrofishing",65.00037,21.04413,"Palearctic",2080030420,"SWE","VASTERBOTTEN","ser"
"G9821",2004,2013,10,0.9,"Electrofishing",65.01411,21.00092,"Palearctic",2080030420,"SWE","VASTERBOTTEN","ser"
"G9825",2004,2013,10,0.9,"Electrofishing",65.02233,20.98699,"Palearctic",2080030420,"SWE","VASTERBOTTEN","ser"
"G9826",2005,2013,10,0.8,"Electrofishing",65.02441,20.9374,"Palearctic",2080030420,"SWE","VASTERBOTTEN","ser"
"G9827",2004,2013,10,0.8,"Electrofishing",65.0352,20.77776,"Palearctic",2080030420,"SWE","VASTERBOTTEN","ser"
"G9831",2004,2013,10,0.9,"Electrofishing",65.03742,20.97971,"Palearctic",2080030420,"SWE","VASTERBOTTEN","ser"
"G9840",2004,2013,10,0.9,"Electrofishing",65.0645,20.8024,"Palearctic",2080030420,"SWE","VASTERBOTTEN","ser"
"G9847",2004,2013,10,0.9,"Electrofishing",65.09455,20.79099,"Palearctic",2080030420,"SWE","VASTERBOTTEN","ser"
"G9897",2004,2013,10,0.9,"Electrofishing",65.24196,20.40095,"Palearctic",2080030420,"SWE","VASTERBOTTEN","ser"
"G9900",2004,2013,10,0.9,"Electrofishing",65.26414,20.31857,"Palearctic",2080030420,"SWE","VASTERBOTTEN","ser"
"G9901",2004,2013,10,0.9,"Electrofishing",65.26603,20.33629,"Palearctic",2080030420,"SWE","VASTERBOTTEN","ser"
"G9906",2004,2013,10,0.8,"Electrofishing",65.27716,20.25534,"Palearctic",2080030420,"SWE","VASTERBOTTEN","ser"
"G9908",2004,2013,10,0.9,"Electrofishing",65.28448,20.21429,"Palearctic",2080030420,"SWE","VASTERBOTTEN","ser"
"G9910",2004,2013,10,0.9,"Electrofishing",65.32066,19.99853,"Palearctic",2080030420,"SWE","VASTERBOTTEN","ser"
"G9921",2004,2013,10,0.9,"Electrofishing",65.37325,19.80517,"Palearctic",2080030420,"SWE","NORRBOTTEN","ser"
"G9925",2004,2013,10,0.9,"Electrofishing",65.41103,19.69664,"Palearctic",2080030420,"SWE","NORRBOTTEN","ser"
"G9932",2004,2013,10,0.9,"Electrofishing",65.45165,19.55758,"Palearctic",2080030420,"SWE","NORRBOTTEN","ser"
"G9937",2004,2013,10,1,"Electrofishing",65.50972,19.44885,"Palearctic",2080030420,"SWE","NORRBOTTEN","ser"
"G9758",2004,2013,10,0.9,"Electrofishing",64.8347,20.97382,"Palearctic",2080030460,"SWE","VASTERBOTTEN","ser"
"G9760",2004,2013,10,1,"Electrofishing",64.83489,20.98609,"Palearctic",2080030460,"SWE","VASTERBOTTEN","ser"
"G9761",2004,2013,10,1,"Electrofishing",64.83987,20.9142,"Palearctic",2080030460,"SWE","VASTERBOTTEN","ser"
"G9762",2004,2013,10,1,"Electrofishing",64.84802,20.88534,"Palearctic",2080030460,"SWE","VASTERBOTTEN","ser"
"G9777",2004,2013,10,1,"Electrofishing",64.88083,20.77085,"Palearctic",2080030460,"SWE","VASTERBOTTEN","ser"
"G9780",2004,2013,10,1,"Electrofishing",64.88706,20.73283,"Palearctic",2080030460,"SWE","VASTERBOTTEN","ser"
"G9781",2004,2013,10,1,"Electrofishing",64.89011,20.71808,"Palearctic",2080030460,"SWE","VASTERBOTTEN","ser"
"G9784",2004,2013,10,1,"Electrofishing",64.90135,20.63502,"Palearctic",2080030460,"SWE","VASTERBOTTEN","ser"
"G9793",2005,2013,10,0.9,"Electrofishing",64.92637,20.52503,"Palearctic",2080030460,"SWE","VASTERBOTTEN","ser"
"G9794",2004,2013,10,0.8,"Electrofishing",64.93278,20.55907,"Palearctic",2080030460,"SWE","VASTERBOTTEN","ser"
"G9796",2004,2013,10,1,"Electrofishing",64.93851,20.56159,"Palearctic",2080030460,"SWE","VASTERBOTTEN","ser"
"G9797",2004,2013,10,1,"Electrofishing",64.94247,20.56187,"Palearctic",2080030460,"SWE","VASTERBOTTEN","ser"
"G9673",2004,2013,10,1,"Electrofishing",64.22509,20.79156,"Palearctic",2080030560,"SWE","VASTERBOTTEN","ser"
"G9676",2004,2013,10,1,"Electrofishing",64.24725,20.76145,"Palearctic",2080030560,"SWE","VASTERBOTTEN","ser"
"G9694",2004,2012,10,0.9,"Electrofishing",64.33411,20.32834,"Palearctic",2080030560,"SWE","VASTERBOTTEN","ser"
"G9698",2004,2012,10,0.8,"Electrofishing",64.35709,20.38126,"Palearctic",2080030560,"SWE","VASTERBOTTEN","ser"
"G9699",2004,2013,10,0.9,"Electrofishing",64.35773,20.40689,"Palearctic",2080030560,"SWE","VASTERBOTTEN","ser"
"G9700",2004,2013,10,0.9,"Electrofishing",64.36171,20.40859,"Palearctic",2080030560,"SWE","VASTERBOTTEN","ser"
"G9704",2004,2013,10,0.9,"Electrofishing",64.3829,20.30522,"Palearctic",2080030560,"SWE","VASTERBOTTEN","ser"
"G9707",2004,2013,10,0.9,"Electrofishing",64.42658,20.38934,"Palearctic",2080030560,"SWE","VASTERBOTTEN","ser"
"G9708",2004,2013,10,0.9,"Electrofishing",64.43421,20.25853,"Palearctic",2080030560,"SWE","VASTERBOTTEN","ser"
"G9709",2004,2013,10,0.9,"Electrofishing",64.44162,20.26599,"Palearctic",2080030560,"SWE","VASTERBOTTEN","ser"
"G9710",2004,2013,10,0.9,"Electrofishing",64.4431,20.33489,"Palearctic",2080030560,"SWE","VASTERBOTTEN","ser"
"G9713",2005,2013,10,0.8,"Electrofishing",64.46302,20.2268,"Palearctic",2080030560,"SWE","VASTERBOTTEN","ser"
"G9716",2004,2013,10,0.9,"Electrofishing",64.48442,20.28881,"Palearctic",2080030560,"SWE","VASTERBOTTEN","ser"
"G9717",2005,2013,10,0.8,"Electrofishing",64.48299,20.35295,"Palearctic",2080030560,"SWE","VASTERBOTTEN","ser"
"G9720",2004,2012,10,0.8,"Electrofishing",64.54423,20.21594,"Palearctic",2080030560,"SWE","VASTERBOTTEN","ser"
"G9722",2004,2012,10,0.8,"Electrofishing",64.56703,20.17469,"Palearctic",2080030560,"SWE","VASTERBOTTEN","ser"
"G9741",2004,2013,10,1,"Electrofishing",64.79804,19.38403,"Palearctic",2080030560,"SWE","VASTERBOTTEN","ser"
"G9562",2004,2013,10,0.9,"Electrofishing",63.91067,20.57016,"Palearctic",2080030610,"SWE","VASTERBOTTEN","ser"
"G9564",2004,2013,10,1,"Electrofishing",63.91698,20.56921,"Palearctic",2080030610,"SWE","VASTERBOTTEN","ser"
"G9572",2005,2013,10,0.9,"Electrofishing",63.92861,20.57118,"Palearctic",2080030610,"SWE","VASTERBOTTEN","ser"
"G9591",2004,2013,10,0.9,"Electrofishing",63.95897,20.50887,"Palearctic",2080030610,"SWE","VASTERBOTTEN","ser"
"G9600",2005,2013,10,0.9,"Electrofishing",63.97949,20.52726,"Palearctic",2080030610,"SWE","VASTERBOTTEN","ser"
"G9608",2004,2013,10,1,"Electrofishing",64.07887,20.39976,"Palearctic",2080030610,"SWE","VASTERBOTTEN","ser"
"G9609",2004,2013,10,1,"Electrofishing",64.08321,20.40457,"Palearctic",2080030610,"SWE","VASTERBOTTEN","ser"
"G9612",2005,2013,10,0.9,"Electrofishing",64.08413,20.41807,"Palearctic",2080030610,"SWE","VASTERBOTTEN","ser"
"G9613",2005,2013,10,0.9,"Electrofishing",64.09298,20.40824,"Palearctic",2080030610,"SWE","VASTERBOTTEN","ser"
"G9615",2004,2013,10,1,"Electrofishing",64.10015,20.32312,"Palearctic",2080030610,"SWE","VASTERBOTTEN","ser"
"G9617",2004,2013,10,0.9,"Electrofishing",64.10502,20.31056,"Palearctic",2080030610,"SWE","VASTERBOTTEN","ser"
"G9618",2004,2013,10,1,"Electrofishing",64.10653,20.32004,"Palearctic",2080030610,"SWE","VASTERBOTTEN","ser"
"G9619",2004,2013,10,1,"Electrofishing",64.10397,20.40184,"Palearctic",2080030610,"SWE","VASTERBOTTEN","ser"
"G9622",2004,2012,10,0.8,"Electrofishing",64.11147,20.29104,"Palearctic",2080030610,"SWE","VASTERBOTTEN","ser"
"G9630",2004,2013,10,1,"Electrofishing",64.12846,20.27937,"Palearctic",2080030610,"SWE","VASTERBOTTEN","ser"
"G9631",2004,2013,10,1,"Electrofishing",64.14035,20.38832,"Palearctic",2080030610,"SWE","VASTERBOTTEN","ser"
"G9632",2004,2013,10,1,"Electrofishing",64.1461,20.3481,"Palearctic",2080030610,"SWE","VASTERBOTTEN","ser"
"G9633",2004,2013,10,1,"Electrofishing",64.14626,20.35738,"Palearctic",2080030610,"SWE","VASTERBOTTEN","ser"
"G9635",2004,2013,10,0.9,"Electrofishing",64.15514,20.36089,"Palearctic",2080030610,"SWE","VASTERBOTTEN","ser"
"G9642",2004,2013,10,0.9,"Electrofishing",64.16967,20.34166,"Palearctic",2080030610,"SWE","VASTERBOTTEN","ser"
"G9643",2004,2013,10,1,"Electrofishing",64.17237,20.28337,"Palearctic",2080030610,"SWE","VASTERBOTTEN","ser"
"G9646",2005,2013,10,0.9,"Electrofishing",64.17794,20.37907,"Palearctic",2080030610,"SWE","VASTERBOTTEN","ser"
"G9649",2005,2013,10,0.9,"Electrofishing",64.18444,20.37231,"Palearctic",2080030610,"SWE","VASTERBOTTEN","ser"
"G9652",2004,2013,10,1,"Electrofishing",64.18921,20.29125,"Palearctic",2080030610,"SWE","VASTERBOTTEN","ser"
"G9656",2004,2013,10,1,"Electrofishing",64.19836,20.18241,"Palearctic",2080030610,"SWE","VASTERBOTTEN","ser"
"G9659",2004,2013,10,1,"Electrofishing",64.19916,20.27431,"Palearctic",2080030610,"SWE","VASTERBOTTEN","ser"
"G9662",2005,2013,10,0.9,"Electrofishing",64.20192,20.35107,"Palearctic",2080030610,"SWE","VASTERBOTTEN","ser"
"G9664",2004,2013,10,0.9,"Electrofishing",64.20432,20.34011,"Palearctic",2080030610,"SWE","VASTERBOTTEN","ser"
"G9665",2004,2013,10,0.9,"Electrofishing",64.2041,20.37617,"Palearctic",2080030610,"SWE","VASTERBOTTEN","ser"
"G9666",2004,2013,10,1,"Electrofishing",64.2092,20.23983,"Palearctic",2080030610,"SWE","VASTERBOTTEN","ser"
"G9669",2004,2013,10,0.9,"Electrofishing",64.21652,20.32354,"Palearctic",2080030610,"SWE","VASTERBOTTEN","ser"
"G9670",2004,2013,10,1,"Electrofishing",64.22644,20.18995,"Palearctic",2080030610,"SWE","VASTERBOTTEN","ser"
"G9674",2004,2013,10,1,"Electrofishing",64.26009,20.13123,"Palearctic",2080030610,"SWE","VASTERBOTTEN","ser"
"G9677",2004,2013,10,1,"Electrofishing",64.26921,20.14197,"Palearctic",2080030610,"SWE","VASTERBOTTEN","ser"
"G9678",2004,2013,10,1,"Electrofishing",64.27363,20.24915,"Palearctic",2080030610,"SWE","VASTERBOTTEN","ser"
"G9679",2004,2013,10,1,"Electrofishing",64.27644,20.25994,"Palearctic",2080030610,"SWE","VASTERBOTTEN","ser"
"G9680",2005,2013,10,0.9,"Electrofishing",64.27515,20.33108,"Palearctic",2080030610,"SWE","VASTERBOTTEN","ser"
"G9681",2004,2013,10,1,"Electrofishing",64.27497,20.35172,"Palearctic",2080030610,"SWE","VASTERBOTTEN","ser"
"G9682",2004,2013,10,0.9,"Electrofishing",64.29441,20.17077,"Palearctic",2080030610,"SWE","VASTERBOTTEN","ser"
"G9684",2004,2013,10,0.8,"Electrofishing",64.29622,20.23003,"Palearctic",2080030610,"SWE","VASTERBOTTEN","ser"
"G9689",2004,2013,10,0.9,"Electrofishing",64.32359,20.12609,"Palearctic",2080030610,"SWE","VASTERBOTTEN","ser"
"G9540",2004,2013,10,0.9,"Electrofishing",63.86928,20.33384,"Palearctic",2080030630,"SWE","VASTERBOTTEN","ser"
"G9543",2004,2013,10,1,"Electrofishing",63.87237,20.3639,"Palearctic",2080030630,"SWE","VASTERBOTTEN","ser"
"G9570",2004,2013,10,1,"Electrofishing",63.93509,20.29853,"Palearctic",2080030630,"SWE","VASTERBOTTEN","ser"
"G9578",2004,2013,10,0.9,"Electrofishing",63.94534,20.30119,"Palearctic",2080030630,"SWE","VASTERBOTTEN","ser"
"G9602",2004,2013,10,1,"Electrofishing",63.99848,20.20941,"Palearctic",2080030630,"SWE","VASTERBOTTEN","ser"
"G9610",2004,2013,10,1,"Electrofishing",64.09248,20.13185,"Palearctic",2080030630,"SWE","VASTERBOTTEN","ser"
"G9614",2004,2013,10,1,"Electrofishing",64.10275,20.11908,"Palearctic",2080030630,"SWE","VASTERBOTTEN","ser"
"G9624",2004,2013,10,1,"Electrofishing",64.12414,20.09464,"Palearctic",2080030630,"SWE","VASTERBOTTEN","ser"
"G9541",2004,2013,10,1,"Electrofishing",63.87879,20.04998,"Palearctic",2080030650,"SWE","VASTERBOTTEN","ser"
"G9542",2004,2013,10,0.9,"Electrofishing",63.88106,20.06459,"Palearctic",2080030650,"SWE","VASTERBOTTEN","ser"
"G9544",2004,2013,10,1,"Electrofishing",63.88332,20.03335,"Palearctic",2080030650,"SWE","VASTERBOTTEN","ser"
"G9561",2004,2013,10,0.9,"Electrofishing",63.92231,19.99022,"Palearctic",2080030650,"SWE","VASTERBOTTEN","ser"
"G9566",2004,2013,10,1,"Electrofishing",63.93515,20.04322,"Palearctic",2080030650,"SWE","VASTERBOTTEN","ser"
"G9569",2004,2013,10,1,"Electrofishing",63.94342,19.97501,"Palearctic",2080030650,"SWE","VASTERBOTTEN","ser"
"G9832",2004,2013,10,1,"Electrofishing",65.12424,16.94856,"Palearctic",2080030650,"SWE","VASTERBOTTEN","ser"
"G9833",2005,2013,10,0.9,"Electrofishing",65.12802,16.93498,"Palearctic",2080030650,"SWE","VASTERBOTTEN","ser"
"G9837",2004,2013,10,1,"Electrofishing",65.13479,16.89276,"Palearctic",2080030650,"SWE","VASTERBOTTEN","ser"
"G9991",2004,2013,10,0.9,"Electrofishing",65.96438,15.9588,"Palearctic",2080030650,"SWE","VASTERBOTTEN","ser"
"G9992",2004,2013,10,1,"Electrofishing",65.96663,15.9586,"Palearctic",2080030650,"SWE","VASTERBOTTEN","ser"
"G9993",2004,2013,10,1,"Electrofishing",65.96824,15.95818,"Palearctic",2080030650,"SWE","VASTERBOTTEN","ser"
"G9481",2004,2013,10,1,"Electrofishing",63.62494,19.91101,"Palearctic",2080030660,"SWE","VASTERBOTTEN","ser"
"G9486",2004,2013,10,0.9,"Electrofishing",63.66073,19.9162,"Palearctic",2080030660,"SWE","VASTERBOTTEN","ser"
"G9489",2004,2013,10,1,"Electrofishing",63.67311,19.90788,"Palearctic",2080030660,"SWE","VASTERBOTTEN","ser"
"G9492",2004,2013,10,0.9,"Electrofishing",63.68108,19.89587,"Palearctic",2080030660,"SWE","VASTERBOTTEN","ser"
"G9500",2004,2013,10,1,"Electrofishing",63.7049,19.84768,"Palearctic",2080030660,"SWE","VASTERBOTTEN","ser"
"G9502",2004,2013,10,1,"Electrofishing",63.71532,19.79648,"Palearctic",2080030660,"SWE","VASTERBOTTEN","ser"
"G9505",2004,2013,10,1,"Electrofishing",63.72452,19.82107,"Palearctic",2080030660,"SWE","VASTERBOTTEN","ser"
"G9507",2004,2013,10,1,"Electrofishing",63.73025,19.76008,"Palearctic",2080030660,"SWE","VASTERBOTTEN","ser"
"G9508",2004,2013,10,1,"Electrofishing",63.73073,19.77534,"Palearctic",2080030660,"SWE","VASTERBOTTEN","ser"
"G9509",2004,2013,10,1,"Electrofishing",63.73322,19.81523,"Palearctic",2080030660,"SWE","VASTERBOTTEN","ser"
"G9510",2004,2013,10,1,"Electrofishing",63.742,19.80633,"Palearctic",2080030660,"SWE","VASTERBOTTEN","ser"
"G9515",2004,2013,10,0.9,"Electrofishing",63.77218,19.63805,"Palearctic",2080030660,"SWE","VASTERBOTTEN","ser"
"G9516",2004,2012,10,0.9,"Electrofishing",63.77164,19.65828,"Palearctic",2080030660,"SWE","VASTERBOTTEN","ser"
"G9518",2004,2013,10,1,"Electrofishing",63.7725,19.6594,"Palearctic",2080030660,"SWE","VASTERBOTTEN","ser"
"G9520",2004,2013,10,1,"Electrofishing",63.77295,19.69296,"Palearctic",2080030660,"SWE","VASTERBOTTEN","ser"
"G9522",2004,2013,10,0.9,"Electrofishing",63.79336,19.54952,"Palearctic",2080030660,"SWE","VASTERBOTTEN","ser"
"G9523",2004,2013,10,1,"Electrofishing",63.79376,19.5516,"Palearctic",2080030660,"SWE","VASTERBOTTEN","ser"
"G9524",2004,2013,10,1,"Electrofishing",63.79171,19.64679,"Palearctic",2080030660,"SWE","VASTERBOTTEN","ser"
"G9527",2004,2013,10,0.9,"Electrofishing",63.81216,19.50018,"Palearctic",2080030660,"SWE","VASTERBOTTEN","ser"
"G9531",2004,2013,10,1,"Electrofishing",63.82807,19.47482,"Palearctic",2080030660,"SWE","VASTERBOTTEN","ser"
"G9532",2004,2013,10,0.8,"Electrofishing",63.83293,19.51308,"Palearctic",2080030660,"SWE","VASTERBOTTEN","ser"
"G9537",2004,2013,10,0.8,"Electrofishing",63.86509,19.48473,"Palearctic",2080030660,"SWE","VASTERBOTTEN","ser"
"G9548",2004,2013,10,1,"Electrofishing",63.92051,19.442,"Palearctic",2080030660,"SWE","VASTERBOTTEN","ser"
"G9549",2004,2013,10,0.9,"Electrofishing",63.92099,19.44106,"Palearctic",2080030660,"SWE","VASTERBOTTEN","ser"
"G9551",2004,2013,10,1,"Electrofishing",63.92601,19.36519,"Palearctic",2080030660,"SWE","VASTERBOTTEN","ser"
"G9576",2004,2013,10,1,"Electrofishing",63.97206,19.29949,"Palearctic",2080030660,"SWE","VASTERBOTTEN","ser"
"G9577",2004,2013,10,1,"Electrofishing",63.96962,19.41774,"Palearctic",2080030660,"SWE","VASTERBOTTEN","ser"
"G9468",2004,2013,10,1,"Electrofishing",63.55982,19.73438,"Palearctic",2080030710,"SWE","VASTERBOTTEN","ser"
"G9473",2004,2013,10,1,"Electrofishing",63.57538,19.67725,"Palearctic",2080030710,"SWE","VASTERBOTTEN","ser"
"G9475",2004,2013,10,1,"Electrofishing",63.58913,19.66381,"Palearctic",2080030710,"SWE","VASTERBOTTEN","ser"
"G9476",2004,2013,10,1,"Electrofishing",63.5972,19.71433,"Palearctic",2080030710,"SWE","VASTERBOTTEN","ser"
"G9477",2004,2013,10,1,"Electrofishing",63.60541,19.66299,"Palearctic",2080030710,"SWE","VASTERBOTTEN","ser"
"G9478",2004,2013,10,1,"Electrofishing",63.60622,19.66269,"Palearctic",2080030710,"SWE","VASTERBOTTEN","ser"
"G9479",2004,2013,10,1,"Electrofishing",63.60868,19.7048,"Palearctic",2080030710,"SWE","VASTERBOTTEN","ser"
"G9484",2004,2013,10,1,"Electrofishing",63.65645,19.61534,"Palearctic",2080030710,"SWE","VASTERBOTTEN","ser"
"G9491",2004,2013,10,1,"Electrofishing",63.69016,19.54599,"Palearctic",2080030710,"SWE","VASTERBOTTEN","ser"
"G9495",2004,2013,10,1,"Electrofishing",63.69368,19.60334,"Palearctic",2080030710,"SWE","VASTERBOTTEN","ser"
"G9503",2004,2013,10,1,"Electrofishing",63.72653,19.49405,"Palearctic",2080030710,"SWE","VASTERBOTTEN","ser"
"G9504",2004,2013,10,1,"Electrofishing",63.73149,19.44749,"Palearctic",2080030710,"SWE","VASTERBOTTEN","ser"
"G9525",2004,2013,10,1,"Electrofishing",63.80296,19.34759,"Palearctic",2080030710,"SWE","VASTERBOTTEN","ser"
"G9526",2005,2013,10,0.9,"Electrofishing",63.81377,19.3642,"Palearctic",2080030710,"SWE","VASTERBOTTEN","ser"
"G9529",2004,2013,10,1,"Electrofishing",63.82513,19.32232,"Palearctic",2080030710,"SWE","VASTERBOTTEN","ser"
"G9530",2004,2013,10,1,"Electrofishing",63.82631,19.32918,"Palearctic",2080030710,"SWE","VASTERBOTTEN","ser"
"G9533",2004,2013,10,1,"Electrofishing",63.84615,19.32557,"Palearctic",2080030710,"SWE","VASTERBOTTEN","ser"
"G9568",2004,2013,10,1,"Electrofishing",63.96098,19.12139,"Palearctic",2080030710,"SWE","VASTERBOTTEN","ser"
"G9575",2004,2013,10,1,"Electrofishing",63.97611,19.10784,"Palearctic",2080030710,"SWE","VASTERBOTTEN","ser"
"G9586",2005,2013,10,0.9,"Electrofishing",63.98931,19.13905,"Palearctic",2080030710,"SWE","VASTERBOTTEN","ser"
"G9594",2004,2013,10,0.9,"Electrofishing",64.00274,19.06189,"Palearctic",2080030710,"SWE","VASTERBOTTEN","ser"
"G9467",2004,2013,10,0.9,"Electrofishing",63.56238,19.34284,"Palearctic",2080030760,"SWE","VASTERBOTTEN","ser"
"G9487",2004,2013,10,0.9,"Electrofishing",63.69297,19.08089,"Palearctic",2080030760,"SWE","VASTERBOTTEN","ser"
"G9488",2004,2013,10,0.9,"Electrofishing",63.69333,19.08498,"Palearctic",2080030760,"SWE","VASTERBOTTEN","ser"
"G9490",2005,2013,10,0.8,"Electrofishing",63.69818,19.04911,"Palearctic",2080030760,"SWE","VASTERBOTTEN","ser"
"G9535",2004,2013,10,1,"Electrofishing",63.87545,18.80277,"Palearctic",2080030760,"SWE","VASTERBOTTEN","ser"
"G9538",2004,2013,10,1,"Electrofishing",63.87921,18.9054,"Palearctic",2080030760,"SWE","VASTERBOTTEN","ser"
"G9555",2004,2013,10,1,"Electrofishing",63.94537,18.82515,"Palearctic",2080030760,"SWE","VASTERBOTTEN","ser"
"G9558",2004,2013,10,1,"Electrofishing",63.94888,18.83307,"Palearctic",2080030760,"SWE","VASTERBOTTEN","ser"
"G9573",2004,2013,10,1,"Electrofishing",63.97872,18.7801,"Palearctic",2080030760,"SWE","VASTERBOTTEN","ser"
"G9587",2004,2013,10,1,"Electrofishing",63.99968,18.67495,"Palearctic",2080030760,"SWE","VASTERBOTTEN","ser"
"G9627",2004,2013,10,1,"Electrofishing",64.16403,18.50678,"Palearctic",2080030760,"SWE","VASTERBOTTEN","ser"
"G9426",2004,2013,10,0.9,"Electrofishing",63.18881,17.59758,"Palearctic",2080031060,"SWE","VASTERNORRLAND","ser"
"G9432",2004,2012,10,0.8,"Electrofishing",63.20761,17.58681,"Palearctic",2080031060,"SWE","VASTERNORRLAND","ser"
"G9439",2004,2013,10,0.9,"Electrofishing",63.29761,17.52078,"Palearctic",2080031060,"SWE","VASTERNORRLAND","ser"
"G9593",2004,2013,10,1,"Electrofishing",64.03377,16.92383,"Palearctic",2080031060,"SWE","VASTERBOTTEN","ser"
"G9685",2004,2013,10,0.9,"Electrofishing",64.36333,16.47272,"Palearctic",2080031060,"SWE","VASTERBOTTEN","ser"
"G9687",2004,2013,10,0.8,"Electrofishing",64.37107,16.44598,"Palearctic",2080031060,"SWE","VASTERBOTTEN","ser"
"G9690",2004,2013,10,0.9,"Electrofishing",64.39109,16.37803,"Palearctic",2080031060,"SWE","VASTERBOTTEN","ser"
"G9702",2004,2013,10,1,"Electrofishing",64.43496,16.27308,"Palearctic",2080031060,"SWE","VASTERBOTTEN","ser"
"G9768",2004,2013,10,1,"Electrofishing",64.95128,15.58063,"Palearctic",2080031060,"SWE","VASTERBOTTEN","ser"
"G9770",2004,2013,10,1,"Electrofishing",64.95397,15.57531,"Palearctic",2080031060,"SWE","VASTERBOTTEN","ser"
"G9779",2005,2013,10,0.9,"Electrofishing",64.96835,15.59638,"Palearctic",2080031060,"SWE","VASTERBOTTEN","ser"
"G9783",2004,2013,10,1,"Electrofishing",64.97717,15.5654,"Palearctic",2080031060,"SWE","VASTERBOTTEN","ser"
"G9387",2005,2013,10,0.8,"Electrofishing",62.80122,14.25296,"Palearctic",2080031160,"SWE","JAMTLAND","ser"
"G9388",2004,2013,10,0.9,"Electrofishing",62.83754,14.26068,"Palearctic",2080031160,"SWE","JAMTLAND","ser"
"G9389",2004,2013,10,1,"Electrofishing",62.845,17.37162,"Palearctic",2080031160,"SWE","VASTERNORRLAND","ser"
"G9390",2004,2013,10,1,"Electrofishing",62.84873,17.35907,"Palearctic",2080031160,"SWE","VASTERNORRLAND","ser"
"G9391",2004,2013,10,1,"Electrofishing",62.85679,17.31923,"Palearctic",2080031160,"SWE","VASTERNORRLAND","ser"
"G9418",2004,2013,10,1,"Electrofishing",63.09096,13.89607,"Palearctic",2080031160,"SWE","JAMTLAND","ser"
"G9419",2004,2013,10,1,"Electrofishing",63.09339,13.89631,"Palearctic",2080031160,"SWE","JAMTLAND","ser"
"G9421",2004,2013,10,0.9,"Electrofishing",63.10212,13.80422,"Palearctic",2080031160,"SWE","JAMTLAND","ser"
"G9422",2004,2013,10,1,"Electrofishing",63.10347,13.89882,"Palearctic",2080031160,"SWE","JAMTLAND","ser"
"G9423",2004,2012,10,0.8,"Electrofishing",63.10732,13.86723,"Palearctic",2080031160,"SWE","JAMTLAND","ser"
"G11746",2004,2013,10,1,"Electrofishing",59.64708,14.73761,"Palearctic",2080031740,"SWE","OREBRO","ser"
"G11750",2005,2013,10,0.9,"Electrofishing",59.65802,15.9435,"Palearctic",2080031740,"SWE","VASTMANLAND","ser"
"G11825",2004,2013,10,0.9,"Electrofishing",59.79389,15.53993,"Palearctic",2080031740,"SWE","VASTMANLAND","ser"
"G11842",2004,2012,10,0.9,"Electrofishing",59.8229,15.50655,"Palearctic",2080031740,"SWE","VASTMANLAND","ser"
"G11845",2004,2012,10,0.9,"Electrofishing",59.82648,15.50117,"Palearctic",2080031740,"SWE","VASTMANLAND","ser"
"G11850",2004,2012,10,0.9,"Electrofishing",59.84797,15.48045,"Palearctic",2080031740,"SWE","VASTMANLAND","ser"
"G11853",2004,2013,10,1,"Electrofishing",59.85356,15.45488,"Palearctic",2080031740,"SWE","VASTMANLAND","ser"
"G11854",2004,2013,10,1,"Electrofishing",59.85464,15.45505,"Palearctic",2080031740,"SWE","VASTMANLAND","ser"
"G11891",2004,2013,10,0.9,"Electrofishing",59.91915,15.52086,"Palearctic",2080031740,"SWE","VASTMANLAND","ser"
"G11901",2004,2013,10,0.9,"Electrofishing",59.92861,15.58785,"Palearctic",2080031740,"SWE","VASTMANLAND","ser"
"G11931",2005,2013,10,0.9,"Electrofishing",59.98447,14.68895,"Palearctic",2080031740,"SWE","OREBRO","ser"
"G11976",2005,2013,10,0.8,"Electrofishing",60.10652,14.97628,"Palearctic",2080031740,"SWE","DALARNA","ser"
"G11994",2004,2013,10,0.8,"Electrofishing",60.16954,14.68484,"Palearctic",2080031740,"SWE","DALARNA","ser"
"G12015",2004,2013,10,0.9,"Electrofishing",60.24025,14.72647,"Palearctic",2080031740,"SWE","DALARNA","ser"
"G11488",2004,2013,10,1,"Electrofishing",58.99735,17.93951,"Palearctic",2080031750,"SWE","STOCKHOLM","ser"
"G11489",2004,2013,10,1,"Electrofishing",58.99968,17.91808,"Palearctic",2080031750,"SWE","STOCKHOLM","ser"
"G11490",2004,2013,10,0.9,"Electrofishing",59.00001,17.93063,"Palearctic",2080031750,"SWE","STOCKHOLM","ser"
"G11525",2004,2013,10,1,"Electrofishing",59.07941,17.5701,"Palearctic",2080031750,"SWE","STOCKHOLM","ser"
"G11530",2004,2013,10,1,"Electrofishing",59.0814,17.60108,"Palearctic",2080031750,"SWE","STOCKHOLM","ser"
"G11532",2004,2013,10,1,"Electrofishing",59.08259,17.55369,"Palearctic",2080031750,"SWE","STOCKHOLM","ser"
"G11541",2004,2013,10,1,"Electrofishing",59.08369,18.14517,"Palearctic",2080031750,"SWE","STOCKHOLM","ser"
"G11546",2004,2013,10,1,"Electrofishing",59.10025,17.82163,"Palearctic",2080031750,"SWE","STOCKHOLM","ser"
"G11547",2004,2012,10,0.9,"Electrofishing",59.09559,18.1226,"Palearctic",2080031750,"SWE","STOCKHOLM","ser"
"G11550",2004,2013,10,1,"Electrofishing",59.10101,18.11615,"Palearctic",2080031750,"SWE","STOCKHOLM","ser"
"G11552",2004,2013,10,1,"Electrofishing",59.11358,17.80234,"Palearctic",2080031750,"SWE","STOCKHOLM","ser"
"G11553",2004,2013,10,1,"Electrofishing",59.11659,17.83953,"Palearctic",2080031750,"SWE","STOCKHOLM","ser"
"G11556",2004,2013,10,1,"Electrofishing",59.12291,17.86576,"Palearctic",2080031750,"SWE","STOCKHOLM","ser"
"G11560",2004,2013,10,1,"Electrofishing",59.13568,17.8363,"Palearctic",2080031750,"SWE","STOCKHOLM","ser"
"G11567",2004,2013,10,1,"Electrofishing",59.14196,17.84768,"Palearctic",2080031750,"SWE","STOCKHOLM","ser"
"G11576",2004,2013,10,1,"Electrofishing",59.16772,18.32932,"Palearctic",2080031750,"SWE","STOCKHOLM","ser"
"G11577",2004,2013,10,1,"Electrofishing",59.16812,18.33198,"Palearctic",2080031750,"SWE","STOCKHOLM","ser"
"G11581",2004,2013,10,1,"Electrofishing",59.16934,18.33819,"Palearctic",2080031750,"SWE","STOCKHOLM","ser"
"G10990",2004,2013,10,1,"Electrofishing",57.7223,14.10162,"Palearctic",2080031960,"SWE","JONKOPING","ser"
"G11029",2004,2013,10,1,"Electrofishing",57.76375,14.28972,"Palearctic",2080031960,"SWE","JONKOPING","ser"
"G11049",2004,2013,10,0.9,"Electrofishing",57.7924,15.06656,"Palearctic",2080031960,"SWE","JONKOPING","ser"
"G11083",2005,2013,10,0.9,"Electrofishing",57.83064,15.09675,"Palearctic",2080031960,"SWE","OSTERGOTLAND","ser"
"G11089",2004,2013,10,1,"Electrofishing",57.82516,14.10452,"Palearctic",2080031960,"SWE","JONKOPING","ser"
"G11119",2005,2013,10,0.9,"Electrofishing",57.85491,15.35952,"Palearctic",2080031960,"SWE","OSTERGOTLAND","ser"
"G11138",2004,2013,10,1,"Electrofishing",57.86863,14.13112,"Palearctic",2080031960,"SWE","JONKOPING","ser"
"G11141",2005,2013,10,0.9,"Electrofishing",57.88606,15.38206,"Palearctic",2080031960,"SWE","OSTERGOTLAND","ser"
"G11144",2004,2013,10,1,"Electrofishing",57.88794,15.38036,"Palearctic",2080031960,"SWE","OSTERGOTLAND","ser"
"G11146",2005,2013,10,0.9,"Electrofishing",57.88999,15.37747,"Palearctic",2080031960,"SWE","OSTERGOTLAND","ser"
"G11158",2004,2013,10,1,"Electrofishing",57.91465,14.08779,"Palearctic",2080031960,"SWE","VASTRA GOTALAND","ser"
"G11159",2004,2013,10,1,"Electrofishing",57.91463,14.07277,"Palearctic",2080031960,"SWE","VASTRA GOTALAND","ser"
"G11160",2004,2013,10,1,"Electrofishing",57.91496,14.08458,"Palearctic",2080031960,"SWE","VASTRA GOTALAND","ser"
"G11166",2004,2013,10,1,"Electrofishing",57.91943,14.03678,"Palearctic",2080031960,"SWE","VASTRA GOTALAND","ser"
"G11171",2004,2013,10,1,"Electrofishing",57.92821,14.12159,"Palearctic",2080031960,"SWE","VASTRA GOTALAND","ser"
"G11178",2004,2013,10,1,"Electrofishing",57.93799,14.11353,"Palearctic",2080031960,"SWE","VASTRA GOTALAND","ser"
"G11192",2004,2013,10,0.9,"Electrofishing",57.97065,15.51203,"Palearctic",2080031960,"SWE","OSTERGOTLAND","ser"
"G11196",2004,2013,10,1,"Electrofishing",57.96535,14.11139,"Palearctic",2080031960,"SWE","VASTRA GOTALAND","ser"
"G11204",2004,2013,10,1,"Electrofishing",57.98852,15.51458,"Palearctic",2080031960,"SWE","OSTERGOTLAND","ser"
"G11212",2004,2013,10,1,"Electrofishing",57.99223,14.14056,"Palearctic",2080031960,"SWE","VASTRA GOTALAND","ser"
"G11213",2004,2013,10,1,"Electrofishing",57.9975,14.43121,"Palearctic",2080031960,"SWE","JONKOPING","ser"
"G11216",2004,2012,10,0.9,"Electrofishing",58.00122,14.10801,"Palearctic",2080031960,"SWE","VASTRA GOTALAND","ser"
"G11238",2004,2013,10,1,"Electrofishing",58.04579,14.18549,"Palearctic",2080031960,"SWE","VASTRA GOTALAND","ser"
"G11243",2004,2013,10,1,"Electrofishing",58.04681,14.16004,"Palearctic",2080031960,"SWE","VASTRA GOTALAND","ser"
"G11265",2004,2013,10,1,"Electrofishing",58.11851,14.16387,"Palearctic",2080031960,"SWE","VASTRA GOTALAND","ser"
"G10497",2004,2013,10,0.8,"Electrofishing",57.1254,16.48215,"Palearctic",2080032230,"SWE","KALMAR","ser"
"G10499",2004,2013,10,0.9,"Electrofishing",57.12733,16.32251,"Palearctic",2080032230,"SWE","KALMAR","ser"
"G10501",2004,2013,10,0.9,"Electrofishing",57.1271,16.48383,"Palearctic",2080032230,"SWE","KALMAR","ser"
"G10505",2005,2013,10,0.8,"Electrofishing",57.13005,16.12341,"Palearctic",2080032230,"SWE","KALMAR","ser"
"G10509",2004,2013,10,0.8,"Electrofishing",57.13044,16.25931,"Palearctic",2080032230,"SWE","KALMAR","ser"
"G10567",2004,2013,10,1,"Electrofishing",57.21177,15.91063,"Palearctic",2080032230,"SWE","KALMAR","ser"
"G10581",2004,2013,10,1,"Electrofishing",57.23677,15.84645,"Palearctic",2080032230,"SWE","KALMAR","ser"
"G10582",2004,2013,10,1,"Electrofishing",57.23722,15.85323,"Palearctic",2080032230,"SWE","KALMAR","ser"
"G10583",2004,2013,10,1,"Electrofishing",57.23857,15.83519,"Palearctic",2080032230,"SWE","KALMAR","ser"
"G10590",2004,2013,10,1,"Electrofishing",57.24958,15.39769,"Palearctic",2080032230,"SWE","JONKOPING","ser"
"G10685",2005,2013,10,0.9,"Electrofishing",57.42302,15.44153,"Palearctic",2080032230,"SWE","JONKOPING","ser"
"G10691",2004,2013,10,1,"Electrofishing",57.42731,15.46663,"Palearctic",2080032230,"SWE","JONKOPING","ser"
"G10693",2005,2013,10,0.9,"Electrofishing",57.42789,15.41818,"Palearctic",2080032230,"SWE","JONKOPING","ser"
"G10696",2004,2013,10,1,"Electrofishing",57.43409,15.39315,"Palearctic",2080032230,"SWE","JONKOPING","ser"
"G10705",2004,2013,10,1,"Electrofishing",57.4472,14.96078,"Palearctic",2080032230,"SWE","JONKOPING","ser"
"G10906",2004,2013,10,1,"Electrofishing",57.64627,15.17386,"Palearctic",2080032230,"SWE","JONKOPING","ser"
"G10978",2004,2013,10,1,"Electrofishing",57.72231,15.38818,"Palearctic",2080032230,"SWE","OSTERGOTLAND","ser"
"G10979",2004,2013,10,1,"Electrofishing",57.72321,15.38901,"Palearctic",2080032230,"SWE","OSTERGOTLAND","ser"
"G10477",2004,2012,10,0.8,"Electrofishing",57.08451,14.84866,"Palearctic",2080032600,"SWE","KRONOBERG","ser"
"G10490",2004,2013,10,0.9,"Electrofishing",57.11136,15.10709,"Palearctic",2080032600,"SWE","KRONOBERG","ser"
"G10494",2004,2013,10,1,"Electrofishing",57.12367,15.17702,"Palearctic",2080032600,"SWE","KRONOBERG","ser"
"G10500",2004,2013,10,0.9,"Electrofishing",57.12739,15.18505,"Palearctic",2080032600,"SWE","KRONOBERG","ser"
"G10514",2004,2013,10,0.9,"Electrofishing",57.132,15.19092,"Palearctic",2080032600,"SWE","KRONOBERG","ser"
"G10534",2004,2013,10,0.8,"Electrofishing",57.17078,14.78855,"Palearctic",2080032600,"SWE","KRONOBERG","ser"
"G11529",2005,2013,10,0.8,"Electrofishing",56.17385,14.75027,"Palearctic",2080032600,"SWE","BLEKINGE","ser"
"G11669",2004,2013,10,0.9,"Electrofishing",56.1919,14.74938,"Palearctic",2080032600,"SWE","BLEKINGE","ser"
"G11719",2004,2013,10,0.9,"Electrofishing",56.19996,14.74756,"Palearctic",2080032600,"SWE","BLEKINGE","ser"
"G11806",2004,2013,10,0.8,"Electrofishing",56.21485,14.7552,"Palearctic",2080032600,"SWE","BLEKINGE","ser"
"G11899",2004,2013,10,0.8,"Electrofishing",56.22469,14.7617,"Palearctic",2080032600,"SWE","BLEKINGE","ser"
"G11971",2005,2013,10,0.8,"Electrofishing",56.24097,14.77912,"Palearctic",2080032600,"SWE","BLEKINGE","ser"
"G12145",2004,2013,10,0.9,"Electrofishing",56.29113,14.74746,"Palearctic",2080032600,"SWE","BLEKINGE","ser"
"G9128",2004,2013,10,0.9,"Electrofishing",56.29199,14.7442,"Palearctic",2080032600,"SWE","BLEKINGE","ser"
"G10131",2004,2013,10,0.9,"Electrofishing",56.47667,13.86263,"Palearctic",2080032670,"SWE","KRONOBERG","ser"
"G10371",2004,2013,10,0.9,"Electrofishing",56.83025,14.18595,"Palearctic",2080032670,"SWE","KRONOBERG","ser"
"G10382",2004,2013,10,0.9,"Electrofishing",56.86345,14.21812,"Palearctic",2080032670,"SWE","KRONOBERG","ser"
"G11341",2005,2013,10,0.8,"Electrofishing",56.1031,14.12807,"Palearctic",2080032670,"SWE","SKANE","ser"
"G11598",2004,2013,10,1,"Electrofishing",56.1741,14.04177,"Palearctic",2080032670,"SWE","SKANE","ser"
"G11870",2004,2013,10,0.9,"Electrofishing",56.21579,14.16168,"Palearctic",2080032670,"SWE","SKANE","ser"
"G11882",2004,2012,10,0.9,"Electrofishing",56.20825,13.62963,"Palearctic",2080032670,"SWE","SKANE","ser"
"G11979",2004,2012,10,0.9,"Electrofishing",56.22996,13.65356,"Palearctic",2080032670,"SWE","SKANE","ser"
"G12027",2004,2012,10,0.9,"Electrofishing",56.2464,13.64359,"Palearctic",2080032670,"SWE","SKANE","ser"
"G12122",2004,2012,10,0.9,"Electrofishing",56.26715,13.6329,"Palearctic",2080032670,"SWE","SKANE","ser"
"G10039",2004,2013,10,1,"Electrofishing",56.42154,12.85004,"Palearctic",2080032980,"SWE","SKANE","ser"
"G9697",2004,2013,10,1,"Electrofishing",56.35707,12.80309,"Palearctic",2080032980,"SWE","SKANE","ser"
"G9763",2004,2013,10,1,"Electrofishing",56.36644,12.73452,"Palearctic",2080032980,"SWE","SKANE","ser"
"G9782",2004,2013,10,1,"Electrofishing",56.37315,12.81429,"Palearctic",2080032980,"SWE","SKANE","ser"
"G9815",2005,2013,10,0.9,"Electrofishing",56.3802,12.79365,"Palearctic",2080032980,"SWE","SKANE","ser"
"G9883",2004,2013,10,1,"Electrofishing",56.39222,12.85249,"Palearctic",2080032980,"SWE","SKANE","ser"
"G9909",2005,2013,10,0.9,"Electrofishing",56.39657,12.8468,"Palearctic",2080032980,"SWE","SKANE","ser"
"G9914",2004,2013,10,1,"Electrofishing",56.39684,12.84646,"Palearctic",2080032980,"SWE","SKANE","ser"
"G9967",2004,2013,10,1,"Electrofishing",56.40845,12.86597,"Palearctic",2080032980,"SWE","SKANE","ser"
"G9969",2004,2013,10,1,"Electrofishing",56.40913,12.86478,"Palearctic",2080032980,"SWE","SKANE","ser"
"G9989",2005,2013,10,0.9,"Electrofishing",56.41273,12.86095,"Palearctic",2080032980,"SWE","SKANE","ser"
"G10222",2004,2013,10,1,"Electrofishing",56.49314,13.2541,"Palearctic",2080033010,"SWE","HALLAND","ser"
"G10258",2004,2013,10,1,"Electrofishing",56.56829,13.36089,"Palearctic",2080033010,"SWE","HALLAND","ser"
"G10259",2004,2013,10,1,"Electrofishing",56.56778,13.30636,"Palearctic",2080033010,"SWE","HALLAND","ser"
"G10261",2004,2013,10,1,"Electrofishing",56.571,13.30078,"Palearctic",2080033010,"SWE","HALLAND","ser"
"G10267",2004,2013,10,1,"Electrofishing",56.58062,13.36687,"Palearctic",2080033010,"SWE","HALLAND","ser"
"G10277",2004,2013,10,1,"Electrofishing",56.59408,13.29648,"Palearctic",2080033010,"SWE","HALLAND","ser"
"G10285",2004,2013,10,0.9,"Electrofishing",56.61503,13.47268,"Palearctic",2080033010,"SWE","KRONOBERG","ser"
"G10461",2004,2012,10,0.9,"Electrofishing",57.05423,14.19136,"Palearctic",2080033010,"SWE","JONKOPING","ser"
"G10462",2004,2012,10,0.9,"Electrofishing",57.05587,14.20003,"Palearctic",2080033010,"SWE","JONKOPING","ser"
"G10475",2004,2012,10,0.9,"Electrofishing",57.07559,14.23298,"Palearctic",2080033010,"SWE","JONKOPING","ser"
"G10700",2004,2013,10,1,"Electrofishing",57.4319,14.48663,"Palearctic",2080033010,"SWE","JONKOPING","ser"
"G10790",2004,2012,10,0.9,"Electrofishing",57.52735,14.06415,"Palearctic",2080033010,"SWE","JONKOPING","ser"
"G10800",2004,2013,10,1,"Electrofishing",57.53995,14.13307,"Palearctic",2080033010,"SWE","JONKOPING","ser"
"G10815",2004,2013,10,1,"Electrofishing",57.54925,14.12241,"Palearctic",2080033010,"SWE","JONKOPING","ser"
"G10821",2004,2013,10,1,"Electrofishing",57.55964,14.30489,"Palearctic",2080033010,"SWE","JONKOPING","ser"
"G10822",2004,2013,10,1,"Electrofishing",57.55807,14.11031,"Palearctic",2080033010,"SWE","JONKOPING","ser"
"G10826",2004,2013,10,1,"Electrofishing",57.56335,14.3156,"Palearctic",2080033010,"SWE","JONKOPING","ser"
"G10828",2004,2013,10,1,"Electrofishing",57.56474,14.31889,"Palearctic",2080033010,"SWE","JONKOPING","ser"
"G10269",2004,2013,10,0.9,"Electrofishing",56.57863,13.07844,"Palearctic",2080033020,"SWE","HALLAND","ser"
"G10282",2004,2013,10,1,"Electrofishing",56.60055,13.12649,"Palearctic",2080033020,"SWE","HALLAND","ser"
"G10291",2004,2013,10,1,"Electrofishing",56.62094,13.20762,"Palearctic",2080033020,"SWE","HALLAND","ser"
"G10300",2004,2013,10,1,"Electrofishing",56.63851,13.06206,"Palearctic",2080033020,"SWE","HALLAND","ser"
"G10307",2004,2013,10,1,"Electrofishing",56.66469,13.07866,"Palearctic",2080033020,"SWE","HALLAND","ser"
"G10313",2004,2013,10,0.8,"Electrofishing",56.66922,12.92841,"Palearctic",2080033020,"SWE","HALLAND","ser"
"G10319",2004,2013,10,1,"Electrofishing",56.68725,12.98327,"Palearctic",2080033020,"SWE","HALLAND","ser"
"G10328",2004,2013,10,1,"Electrofishing",56.70074,13.03063,"Palearctic",2080033020,"SWE","HALLAND","ser"
"G10334",2004,2013,10,0.9,"Electrofishing",56.70476,13.07025,"Palearctic",2080033020,"SWE","HALLAND","ser"
"G10342",2004,2013,10,0.9,"Electrofishing",56.71719,13.04698,"Palearctic",2080033020,"SWE","HALLAND","ser"
"G10345",2004,2013,10,1,"Electrofishing",56.72883,13.10282,"Palearctic",2080033020,"SWE","HALLAND","ser"
"G10347",2004,2013,10,1,"Electrofishing",56.73541,13.10398,"Palearctic",2080033020,"SWE","HALLAND","ser"
"G10363",2004,2013,10,0.9,"Electrofishing",56.78334,13.19466,"Palearctic",2080033020,"SWE","HALLAND","ser"
"G10329",2004,2013,10,0.9,"Electrofishing",56.70036,12.96664,"Palearctic",2080033080,"SWE","HALLAND","ser"
"G10335",2005,2013,10,0.9,"Electrofishing",56.70342,12.9415,"Palearctic",2080033080,"SWE","HALLAND","ser"
"G10350",2004,2013,10,1,"Electrofishing",56.74646,12.9736,"Palearctic",2080033080,"SWE","HALLAND","ser"
"G10352",2004,2013,10,1,"Electrofishing",56.75785,13.00312,"Palearctic",2080033080,"SWE","HALLAND","ser"
"G10353",2004,2013,10,1,"Electrofishing",56.76174,12.98176,"Palearctic",2080033080,"SWE","HALLAND","ser"
"G10367",2004,2013,10,1,"Electrofishing",56.79911,13.02877,"Palearctic",2080033080,"SWE","HALLAND","ser"
"G10375",2004,2013,10,1,"Electrofishing",56.81758,13.05695,"Palearctic",2080033080,"SWE","HALLAND","ser"
"G10399",2004,2013,10,1,"Electrofishing",56.8862,13.06422,"Palearctic",2080033080,"SWE","HALLAND","ser"
"G10416",2004,2013,10,0.9,"Electrofishing",56.93222,13.06511,"Palearctic",2080033080,"SWE","HALLAND","ser"
"G10420",2004,2013,10,1,"Electrofishing",56.94177,13.0705,"Palearctic",2080033080,"SWE","HALLAND","ser"
"G10468",2004,2013,10,0.9,"Electrofishing",57.0445,13.1142,"Palearctic",2080033080,"SWE","HALLAND","ser"
"G10630",2004,2013,10,1,"Electrofishing",57.32802,13.53226,"Palearctic",2080033080,"SWE","JONKOPING","ser"
"G10671",2004,2013,10,0.9,"Electrofishing",57.392,13.5436,"Palearctic",2080033080,"SWE","JONKOPING","ser"
"G10723",2004,2013,10,0.9,"Electrofishing",57.46281,13.68974,"Palearctic",2080033080,"SWE","JONKOPING","ser"
"G10777",2004,2012,10,0.9,"Electrofishing",57.50647,13.64299,"Palearctic",2080033080,"SWE","JONKOPING","ser"
"G10846",2005,2013,10,0.9,"Electrofishing",57.57077,13.72862,"Palearctic",2080033080,"SWE","JONKOPING","ser"
"G10854",2004,2013,10,1,"Electrofishing",57.5819,13.72212,"Palearctic",2080033080,"SWE","JONKOPING","ser"
"G10863",2004,2012,10,0.9,"Electrofishing",57.59332,13.73402,"Palearctic",2080033080,"SWE","JONKOPING","ser"
"G10871",2004,2013,10,1,"Electrofishing",57.60115,13.77372,"Palearctic",2080033080,"SWE","JONKOPING","ser"
"G10895",2004,2012,10,0.9,"Electrofishing",57.62175,13.77005,"Palearctic",2080033080,"SWE","JONKOPING","ser"
"G10896",2005,2013,10,0.9,"Electrofishing",57.62283,13.75309,"Palearctic",2080033080,"SWE","JONKOPING","ser"
"G10913",2004,2013,10,1,"Electrofishing",57.63338,13.6589,"Palearctic",2080033080,"SWE","VASTRA GOTALAND","ser"
"G10920",2004,2013,10,1,"Electrofishing",57.64083,13.89878,"Palearctic",2080033080,"SWE","JONKOPING","ser"
"G10947",2004,2013,10,0.9,"Electrofishing",57.66327,13.79696,"Palearctic",2080033080,"SWE","JONKOPING","ser"
"G10950",2005,2013,10,0.9,"Electrofishing",57.66359,13.79738,"Palearctic",2080033080,"SWE","JONKOPING","ser"
"G10952",2004,2013,10,1,"Electrofishing",57.66875,13.90452,"Palearctic",2080033080,"SWE","JONKOPING","ser"
"G10958",2004,2012,10,0.9,"Electrofishing",57.67948,13.86575,"Palearctic",2080033080,"SWE","JONKOPING","ser"
"G10968",2004,2013,10,1,"Electrofishing",57.6942,13.77941,"Palearctic",2080033080,"SWE","JONKOPING","ser"
"G10977",2004,2012,10,0.8,"Electrofishing",57.705,13.80902,"Palearctic",2080033080,"SWE","JONKOPING","ser"
"G10988",2004,2013,10,1,"Electrofishing",57.71632,13.81509,"Palearctic",2080033080,"SWE","JONKOPING","ser"
"G10994",2004,2013,10,1,"Electrofishing",57.72515,13.80538,"Palearctic",2080033080,"SWE","JONKOPING","ser"
"G11019",2004,2013,10,1,"Electrofishing",57.75106,13.91398,"Palearctic",2080033080,"SWE","JONKOPING","ser"
"G10308",2004,2013,10,1,"Electrofishing",56.6573,12.73438,"Palearctic",2080033090,"SWE","HALLAND","ser"
"G10311",2004,2013,10,0.9,"Electrofishing",56.6646,12.82776,"Palearctic",2080033090,"SWE","HALLAND","ser"
"G10343",2004,2013,10,0.8,"Electrofishing",56.70934,12.69125,"Palearctic",2080033090,"SWE","HALLAND","ser"
"G10362",2004,2013,10,0.9,"Electrofishing",56.77229,12.84853,"Palearctic",2080033090,"SWE","HALLAND","ser"
"G10380",2004,2013,10,0.9,"Electrofishing",56.83524,12.88832,"Palearctic",2080033090,"SWE","HALLAND","ser"
"G10394",2004,2013,10,1,"Electrofishing",56.8713,12.87243,"Palearctic",2080033090,"SWE","HALLAND","ser"
"G10397",2004,2013,10,0.9,"Electrofishing",56.87664,12.79023,"Palearctic",2080033090,"SWE","HALLAND","ser"
"G10409",2004,2013,10,1,"Electrofishing",56.91901,12.78829,"Palearctic",2080033090,"SWE","HALLAND","ser"
"G10411",2004,2013,10,0.9,"Electrofishing",56.91962,12.7876,"Palearctic",2080033090,"SWE","HALLAND","ser"
"G10479",2004,2013,10,1,"Electrofishing",57.05228,12.69838,"Palearctic",2080033120,"SWE","HALLAND","ser"
"G10481",2005,2013,10,0.9,"Electrofishing",57.0553,12.67054,"Palearctic",2080033120,"SWE","HALLAND","ser"
"G10517",2004,2013,10,0.9,"Electrofishing",57.09669,12.63446,"Palearctic",2080033120,"SWE","HALLAND","ser"
"G10520",2004,2013,10,0.9,"Electrofishing",57.10252,12.67887,"Palearctic",2080033120,"SWE","HALLAND","ser"
"G10538",2004,2013,10,0.9,"Electrofishing",57.13973,12.72464,"Palearctic",2080033120,"SWE","HALLAND","ser"
"G10556",2004,2013,10,1,"Electrofishing",57.16585,12.74852,"Palearctic",2080033120,"SWE","HALLAND","ser"
"G10561",2004,2013,10,0.9,"Electrofishing",57.17098,12.77766,"Palearctic",2080033120,"SWE","HALLAND","ser"
"G10568",2004,2013,10,0.9,"Electrofishing",57.17669,12.77255,"Palearctic",2080033120,"SWE","HALLAND","ser"
"G10585",2004,2013,10,0.9,"Electrofishing",57.20382,12.81408,"Palearctic",2080033120,"SWE","HALLAND","ser"
"G10595",2004,2013,10,1,"Electrofishing",57.23315,12.78736,"Palearctic",2080033120,"SWE","HALLAND","ser"
"G10715",2005,2013,10,0.8,"Electrofishing",57.448,13.39069,"Palearctic",2080033120,"SWE","VASTRA GOTALAND","ser"
"G10716",2005,2013,10,0.8,"Electrofishing",57.4484,13.36084,"Palearctic",2080033120,"SWE","VASTRA GOTALAND","ser"
"G10594",2004,2013,10,1,"Electrofishing",57.21635,12.47356,"Palearctic",2080033190,"SWE","HALLAND","ser"
"G10601",2004,2013,10,1,"Electrofishing",57.24815,12.43587,"Palearctic",2080033190,"SWE","HALLAND","ser"
"G10604",2004,2013,10,0.9,"Electrofishing",57.25873,12.37853,"Palearctic",2080033190,"SWE","HALLAND","ser"
"G10626",2004,2013,10,1,"Electrofishing",57.29366,12.39137,"Palearctic",2080033190,"SWE","HALLAND","ser"
"G10666",2005,2013,10,0.8,"Electrofishing",57.36671,12.48154,"Palearctic",2080033190,"SWE","VASTRA GOTALAND","ser"
"G10720",2004,2013,10,0.9,"Electrofishing",57.43209,12.41718,"Palearctic",2080033190,"SWE","VASTRA GOTALAND","ser"
"G10741",2004,2013,10,1,"Electrofishing",57.45098,12.44238,"Palearctic",2080033190,"SWE","VASTRA GOTALAND","ser"
"G10764",2004,2013,10,0.9,"Electrofishing",57.48197,12.71534,"Palearctic",2080033190,"SWE","VASTRA GOTALAND","ser"
"G10782",2005,2013,10,0.9,"Electrofishing",57.49376,12.78454,"Palearctic",2080033190,"SWE","VASTRA GOTALAND","ser"
"G10788",2004,2013,10,1,"Electrofishing",57.50345,12.84657,"Palearctic",2080033190,"SWE","VASTRA GOTALAND","ser"
"G10855",2004,2013,10,0.9,"Electrofishing",57.55686,12.53198,"Palearctic",2080033190,"SWE","VASTRA GOTALAND","ser"
"G10867",2004,2013,10,1,"Electrofishing",57.57279,12.55561,"Palearctic",2080033190,"SWE","VASTRA GOTALAND","ser"
"G10960",2004,2013,10,1,"Electrofishing",57.67004,13.0482,"Palearctic",2080033190,"SWE","VASTRA GOTALAND","ser"
"G11148",2004,2013,10,1,"Electrofishing",57.88253,13.68031,"Palearctic",2080033320,"SWE","VASTRA GOTALAND","ser"
"G11220",2004,2013,10,0.8,"Electrofishing",57.97713,12.19109,"Palearctic",2080033320,"SWE","VASTRA GOTALAND","ser"
"G11223",2004,2013,10,0.8,"Electrofishing",57.97713,12.08636,"Palearctic",2080033320,"SWE","VASTRA GOTALAND","ser"
"G11239",2004,2013,10,0.9,"Electrofishing",58.00635,12.23081,"Palearctic",2080033320,"SWE","VASTRA GOTALAND","ser"
"G11273",2004,2013,10,0.8,"Electrofishing",58.09998,12.12272,"Palearctic",2080033320,"SWE","VASTRA GOTALAND","ser"
"G11502",2004,2013,10,0.9,"Electrofishing",59.0162,14.08908,"Palearctic",2080033320,"SWE","VASTRA GOTALAND","ser"
"G11569",2004,2013,10,1,"Electrofishing",59.12011,12.37636,"Palearctic",2080033320,"SWE","VASTRA GOTALAND","ser"
"G11678",2004,2013,10,1,"Electrofishing",59.4763,14.52332,"Palearctic",2080033320,"SWE","OREBRO","ser"
"G11680",2004,2013,10,1,"Electrofishing",59.48253,14.5178,"Palearctic",2080033320,"SWE","OREBRO","ser"
"G11684",2004,2013,10,1,"Electrofishing",59.48629,14.51589,"Palearctic",2080033320,"SWE","OREBRO","ser"
"G11879",2005,2013,10,0.9,"Electrofishing",59.8852,13.47508,"Palearctic",2080033320,"SWE","VARMLAND","ser"
"G11880",2004,2013,10,1,"Electrofishing",59.88652,13.48857,"Palearctic",2080033320,"SWE","VARMLAND","ser"
"G11881",2004,2013,10,1,"Electrofishing",59.88639,13.46641,"Palearctic",2080033320,"SWE","VARMLAND","ser"
"G11967",2004,2013,10,0.9,"Electrofishing",60.05596,14.59067,"Palearctic",2080033320,"SWE","DALARNA","ser"
"G12058",2005,2013,10,0.8,"Electrofishing",60.40761,13.73638,"Palearctic",2080033320,"SWE","DALARNA","ser"
"G12076",2005,2013,10,0.8,"Electrofishing",60.48011,13.72212,"Palearctic",2080033320,"SWE","DALARNA","ser"
"G12083",2005,2013,10,0.8,"Electrofishing",60.49695,13.70757,"Palearctic",2080033320,"SWE","DALARNA","ser"
"G12096",2004,2013,10,0.8,"Electrofishing",60.54399,13.61831,"Palearctic",2080033320,"SWE","DALARNA","ser"
"G2078",2004,2013,10,0.9,"Electrofishing",51.40798,-0.349007394,"Palearctic",2080053790,"GBR","ENGLAND","nfp"
"G2080",2004,2013,10,0.9,"Electrofishing",51.66122,-1.792057273,"Palearctic",2080053790,"GBR","ENGLAND","nfp"
"G2135",2004,2013,10,0.9,"Electrofishing",51.64401,-1.821892109,"Palearctic",2080053790,"GBR","ENGLAND","nfp"
"G2680",2004,2013,10,1,"Electrofishing",51.38355,-0.439373832,"Palearctic",2080053790,"GBR","ENGLAND","nfp"
"G2788",2004,2013,10,0.9,"Electrofishing",51.38119,-0.461454564,"Palearctic",2080053790,"GBR","ENGLAND","nfp"
"G2974",2004,2012,10,0.9,"Electrofishing",51.39586,-0.486391134,"Palearctic",2080053790,"GBR","ENGLAND","nfp"
"G3016",2004,2012,10,0.8,"Electrofishing",51.5426,-0.489199417,"Palearctic",2080053790,"GBR","ENGLAND","nfp"
"G3094",2004,2012,10,0.9,"Electrofishing",51.41337,-0.50209107,"Palearctic",2080053790,"GBR","ENGLAND","nfp"
"G4958",2004,2013,10,0.9,"Electrofishing",51.54609,-0.8497534,"Palearctic",2080053790,"GBR","ENGLAND","nfp"
"G4992",2004,2013,10,0.8,"Electrofishing",51.55877,-0.87147548,"Palearctic",2080053790,"GBR","ENGLAND","nfp"
"G5013",2004,2013,10,1,"Electrofishing",51.83145,0.168965788,"Palearctic",2080053790,"GBR","ENGLAND","nfp"
"G5037",2004,2013,10,0.9,"Electrofishing",51.51423,-0.880675368,"Palearctic",2080053790,"GBR","ENGLAND","nfp"
"G5049",2004,2013,10,0.9,"Electrofishing",51.50053,-0.884627149,"Palearctic",2080053790,"GBR","ENGLAND","nfp"
"G5427",2004,2013,10,1,"Electrofishing",51.46194,-0.939303537,"Palearctic",2080053790,"GBR","ENGLAND","nfp"
"G5458",2004,2013,10,0.9,"Electrofishing",51.46111,-0.964095621,"Palearctic",2080053790,"GBR","ENGLAND","nfp"
"G5487",2004,2012,10,0.8,"Electrofishing",51.43312,-1.031995652,"Palearctic",2080053790,"GBR","ENGLAND","nfp"
"G5500",2004,2013,10,1,"Electrofishing",51.4923,-1.05782294,"Palearctic",2080053790,"GBR","ENGLAND","nfp"
"G5509",2004,2013,10,0.8,"Electrofishing",51.47724,-1.084196088,"Palearctic",2080053790,"GBR","ENGLAND","nfp"
"G5513",2004,2013,10,1,"Electrofishing",51.48619,-1.088654451,"Palearctic",2080053790,"GBR","ENGLAND","nfp"
"G5534",2004,2013,10,1,"Electrofishing",51.52746,-1.14082107,"Palearctic",2080053790,"GBR","ENGLAND","nfp"
"G5537",2004,2012,10,0.9,"Electrofishing",51.62774,-1.143638397,"Palearctic",2080053790,"GBR","ENGLAND","nfp"
"G5568",2004,2012,10,0.9,"Electrofishing",51.65846,-1.194699008,"Palearctic",2080053790,"GBR","ENGLAND","nfp"
"G5589",2004,2012,10,0.9,"Electrofishing",51.64508,-1.242773329,"Palearctic",2080053790,"GBR","ENGLAND","nfp"
"G5633",2004,2013,10,0.9,"Electrofishing",51.78028,-1.299828648,"Palearctic",2080053790,"GBR","ENGLAND","nfp"
"G5802",2004,2013,10,0.9,"Electrofishing",51.81448,-0.288349136,"Palearctic",2080053790,"GBR","ENGLAND","nfp"
"G6014",2004,2013,10,0.8,"Electrofishing",51.92684,-1.742552765,"Palearctic",2080053790,"GBR","ENGLAND","nfp"
"G6076",2004,2013,10,0.9,"Electrofishing",51.40426,-0.344885911,"Palearctic",2080053790,"GBR","ENGLAND","nfp"
"G159",2004,2013,10,1,"Electrofishing",-26.7522,152.9203,"Australasia",5080070260,"AUS","QUEENSLAND","ehm"
"G160",2004,2013,10,1,"Electrofishing",-26.7518,153.0817,"Australasia",5080070260,"AUS","QUEENSLAND","ehm"
"G166",2004,2013,10,1,"Electrofishing",-26.937,152.9809,"Australasia",5080070260,"AUS","QUEENSLAND","ehm"
"G167",2004,2013,10,1,"Electrofishing",-26.8512,152.9852,"Australasia",5080070260,"AUS","QUEENSLAND","ehm"
"G168",2004,2013,10,1,"Electrofishing",-26.8775,153.0088,"Australasia",5080070260,"AUS","QUEENSLAND","ehm"
"G169",2005,2013,10,0.8,"Electrofishing",-26.7725,153.038,"Australasia",5080070260,"AUS","QUEENSLAND","ehm"
"G170",2005,2013,10,0.9,"Electrofishing",-26.7785,152.9452,"Australasia",5080070260,"AUS","QUEENSLAND","ehm"
"G171",2005,2013,10,0.9,"Electrofishing",-26.76274,152.9709,"Australasia",5080070260,"AUS","QUEENSLAND","ehm"
"G180",2004,2013,10,1,"Electrofishing",-27.41626,153.0026,"Australasia",5080070390,"AUS","QUEENSLAND","ehm"
"G187",2004,2013,10,1,"Electrofishing",-26.6252,152.1829,"Australasia",5080070390,"AUS","QUEENSLAND","ehm"
"G188",2004,2013,10,1,"Electrofishing",-26.57197,152.2488,"Australasia",5080070390,"AUS","QUEENSLAND","ehm"
"G189",2004,2013,10,0.9,"Electrofishing",-26.8806,152.3809,"Australasia",5080070390,"AUS","QUEENSLAND","ehm"
"G190",2004,2013,10,1,"Electrofishing",-26.78268,152.2814,"Australasia",5080070390,"AUS","QUEENSLAND","ehm"
"G191",2004,2013,10,1,"Electrofishing",-26.96295,152.2928,"Australasia",5080070390,"AUS","QUEENSLAND","ehm"
"G192",2004,2013,10,1,"Electrofishing",-26.89723,152.2774,"Australasia",5080070390,"AUS","QUEENSLAND","ehm"
"G193",2004,2013,10,1,"Electrofishing",-26.97856,152.3336,"Australasia",5080070390,"AUS","QUEENSLAND","ehm"
"G194",2004,2013,10,0.9,"Electrofishing",-27.03113,152.3361,"Australasia",5080070390,"AUS","QUEENSLAND","ehm"
"G195",2004,2013,10,1,"Electrofishing",-27.15133,152.3138,"Australasia",5080070390,"AUS","QUEENSLAND","ehm"
"G196",2004,2013,10,1,"Electrofishing",-26.89513,152.3094,"Australasia",5080070390,"AUS","QUEENSLAND","ehm"
"G197",2004,2013,10,1,"Electrofishing",-27.2282,152.4379,"Australasia",5080070390,"AUS","QUEENSLAND","ehm"
"G198",2004,2013,10,0.9,"Electrofishing",-27.1299,152.6399,"Australasia",5080070390,"AUS","QUEENSLAND","ehm"
"G199",2004,2013,10,0.9,"Electrofishing",-27.2246,152.5554,"Australasia",5080070390,"AUS","QUEENSLAND","ehm"
"G200",2004,2013,10,1,"Electrofishing",-27.3057,152.6821,"Australasia",5080070390,"AUS","QUEENSLAND","ehm"
"G201",2004,2013,10,1,"Electrofishing",-26.79887,152.8241,"Australasia",5080070390,"AUS","QUEENSLAND","ehm"
"G202",2004,2013,10,1,"Electrofishing",-26.9707,152.6825,"Australasia",5080070390,"AUS","QUEENSLAND","ehm"
"G205",2004,2013,10,1,"Electrofishing",-26.8669,152.5246,"Australasia",5080070390,"AUS","QUEENSLAND","ehm"
"G206",2004,2013,10,1,"Electrofishing",-27.3593,152.3219,"Australasia",5080070390,"AUS","QUEENSLAND","ehm"
"G207",2004,2013,10,1,"Electrofishing",-27.4949,152.0878,"Australasia",5080070390,"AUS","QUEENSLAND","ehm"
"G211",2004,2013,10,1,"Electrofishing",-27.86752,152.2301,"Australasia",5080070390,"AUS","QUEENSLAND","ehm"
"G212",2004,2013,10,1,"Electrofishing",-27.85021,152.3909,"Australasia",5080070390,"AUS","QUEENSLAND","ehm"
"G213",2004,2013,10,0.9,"Electrofishing",-27.60235,152.377,"Australasia",5080070390,"AUS","QUEENSLAND","ehm"
"G216",2004,2013,10,1,"Electrofishing",-27.9886,152.4784,"Australasia",5080070390,"AUS","QUEENSLAND","ehm"
"G217",2004,2013,10,1,"Electrofishing",-28.01237,152.5596,"Australasia",5080070390,"AUS","QUEENSLAND","ehm"
"G218",2004,2013,10,1,"Electrofishing",-27.83204,152.5095,"Australasia",5080070390,"AUS","QUEENSLAND","ehm"
"G219",2004,2013,10,0.8,"Electrofishing",-27.66316,152.4614,"Australasia",5080070390,"AUS","QUEENSLAND","ehm"
"G220",2004,2013,10,0.9,"Electrofishing",-27.93221,152.6003,"Australasia",5080070390,"AUS","QUEENSLAND","ehm"
"G221",2004,2013,10,1,"Electrofishing",-27.4997,152.6898,"Australasia",5080070390,"AUS","QUEENSLAND","ehm"
"G223",2004,2013,10,1,"Electrofishing",-27.78081,152.7319,"Australasia",5080070390,"AUS","QUEENSLAND","ehm"
"G225",2004,2013,10,1,"Electrofishing",-27.4407,152.8905,"Australasia",5080070390,"AUS","QUEENSLAND","ehm"
"G226",2004,2013,10,1,"Electrofishing",-27.51293,153.0388,"Australasia",5080070390,"AUS","QUEENSLAND","ehm"
"G227",2004,2013,10,1,"Electrofishing",-27.553,153.1121,"Australasia",5080070390,"AUS","QUEENSLAND","ehm"
"G228",2004,2013,10,1,"Electrofishing",-27.59496,152.9396,"Australasia",5080070390,"AUS","QUEENSLAND","ehm"
"G229",2004,2013,10,1,"Electrofishing",-27.6105,153.0233,"Australasia",5080070390,"AUS","QUEENSLAND","ehm"
"G231",2004,2013,10,1,"Electrofishing",-26.8794,152.7309,"Australasia",5080070390,"AUS","QUEENSLAND","ehm"
"G232",2004,2013,10,1,"Electrofishing",-27.6214,152.9792,"Australasia",5080070390,"AUS","QUEENSLAND","ehm"
"G233",2004,2013,10,1,"Electrofishing",-27.62689,152.6688,"Australasia",5080070390,"AUS","QUEENSLAND","ehm"
"G235",2004,2013,10,1,"Electrofishing",-27.00615,152.715,"Australasia",5080070390,"AUS","QUEENSLAND","ehm"
"G236",2004,2013,10,1,"Electrofishing",-28.31903,152.9901,"Australasia",5080070440,"AUS","QUEENSLAND","ehm"
"G237",2004,2013,10,1,"Electrofishing",-28.23727,152.7427,"Australasia",5080070440,"AUS","QUEENSLAND","ehm"
"G238",2004,2013,10,1,"Electrofishing",-28.222,152.8594,"Australasia",5080070440,"AUS","QUEENSLAND","ehm"
"G239",2004,2013,10,1,"Electrofishing",-28.0994,152.8708,"Australasia",5080070440,"AUS","QUEENSLAND","ehm"
"G240",2004,2013,10,1,"Electrofishing",-28.2268,152.8899,"Australasia",5080070440,"AUS","QUEENSLAND","ehm"
"G241",2004,2013,10,1,"Electrofishing",-28.29325,153.0839,"Australasia",5080070440,"AUS","QUEENSLAND","ehm"
"G242",2004,2013,10,1,"Electrofishing",-28.2391,152.9955,"Australasia",5080070440,"AUS","QUEENSLAND","ehm"
"G243",2004,2013,10,1,"Electrofishing",-27.98743,152.9653,"Australasia",5080070440,"AUS","QUEENSLAND","ehm"
"G244",2004,2013,10,1,"Electrofishing",-27.9312,152.9488,"Australasia",5080070440,"AUS","QUEENSLAND","ehm"
"G245",2004,2013,10,1,"Electrofishing",-27.8213,153.0039,"Australasia",5080070440,"AUS","QUEENSLAND","ehm"
"G246",2004,2013,10,1,"Electrofishing",-28.2065,153.0403,"Australasia",5080070440,"AUS","QUEENSLAND","ehm"
"G247",2004,2013,10,1,"Electrofishing",-28.0965,153.0779,"Australasia",5080070440,"AUS","QUEENSLAND","ehm"
"G248",2004,2013,10,1,"Electrofishing",-27.8259,153.1787,"Australasia",5080070440,"AUS","QUEENSLAND","ehm"
"G249",2004,2013,10,1,"Electrofishing",-27.9726,153.1564,"Australasia",5080070440,"AUS","QUEENSLAND","ehm"
"G250",2004,2013,10,0.9,"Electrofishing",-28.1701,152.6803,"Australasia",5080070440,"AUS","QUEENSLAND","ehm"
"G251",2004,2013,10,1,"Electrofishing",-28.2146,152.532,"Australasia",5080070440,"AUS","QUEENSLAND","ehm"
"G252",2004,2013,10,1,"Electrofishing",-27.6632,153.2076,"Australasia",5080070440,"AUS","QUEENSLAND","ehm"
"G253",2004,2013,10,1,"Electrofishing",-27.64421,153.136,"Australasia",5080070440,"AUS","QUEENSLAND","ehm"
"G1012",2004,2013,10,1,"Electrofishing",42.18286,-90.28564,"Nearctic",7080047060,"USA","ILLINOIS","ltm"
"G1014",2004,2013,10,1,"Electrofishing",42.12156,-90.17679,"Nearctic",7080047060,"USA","IOWA","ltm"
"G1020",2004,2013,10,1,"Electrofishing",38.91544,-90.27086,"Nearctic",7080047060,"USA","MISSOURI","ltm"
"G1022",2004,2013,10,1,"Electrofishing",38.87213,-90.17989,"Nearctic",7080047060,"USA","MISSOURI","ltm"
"G1024",2004,2013,10,1,"Electrofishing",38.92018,-90.39803,"Nearctic",7080047060,"USA","MISSOURI","ltm"
"G1026",2004,2013,10,1,"Electrofishing",42.13602,-90.18992,"Nearctic",7080047060,"USA","ILLINOIS","ltm"
"G1028",2004,2013,10,1,"Electrofishing",38.91535,-90.54612,"Nearctic",7080047060,"USA","ILLINOIS","ltm"
"G1030",2004,2013,10,1,"Electrofishing",38.91654,-90.50245,"Nearctic",7080047060,"USA","ILLINOIS","ltm"
"G1033",2004,2013,10,1,"Electrofishing",40.13539,-90.26347,"Nearctic",7080047060,"USA","ILLINOIS","ltm"
"G1035",2004,2013,10,1,"Electrofishing",40.28857,-90.07446,"Nearctic",7080047060,"USA","ILLINOIS","ltm"
"G1037",2004,2013,10,1,"Electrofishing",40.1905,-90.16241,"Nearctic",7080047060,"USA","ILLINOIS","ltm"
"G1039",2004,2013,10,1,"Electrofishing",40.46382,-89.84873,"Nearctic",7080047060,"USA","ILLINOIS","ltm"
"G1042",2004,2013,10,1,"Electrofishing",37.32581,-89.45305,"Nearctic",7080047060,"USA","ILLINOIS","ltm"
"G1044",2004,2013,10,1,"Electrofishing",37.35653,-89.44868,"Nearctic",7080047060,"USA","MISSOURI","ltm"
"G1046",2004,2013,10,1,"Electrofishing",37.2607,-89.43107,"Nearctic",7080047060,"USA","ILLINOIS","ltm"
"G1048",2004,2013,10,1,"Electrofishing",37.24652,-89.52431,"Nearctic",7080047060,"USA","MISSOURI","ltm"
"G1050",2004,2013,10,1,"Electrofishing",44.38612,-91.99512,"Nearctic",7080047060,"USA","WISCONSIN","ltm"
"G1052",2004,2013,10,1,"Electrofishing",44.38792,-92.0354,"Nearctic",7080047060,"USA","WISCONSIN","ltm"
"G1054",2004,2013,10,1,"Electrofishing",44.38425,-92.02346,"Nearctic",7080047060,"USA","WISCONSIN","ltm"
"G1055",2004,2013,10,1,"Electrofishing",44.37782,-92.0065,"Nearctic",7080047060,"USA","MINNESOTA","ltm"
"G1060",2004,2013,10,1,"Electrofishing",43.73241,-91.24505,"Nearctic",7080047060,"USA","WISCONSIN","ltm"
"G1062",2004,2013,10,1,"Electrofishing",43.65154,-91.2328,"Nearctic",7080047060,"USA","WISCONSIN","ltm"
"G1064",2004,2013,10,1,"Electrofishing",43.74075,-91.26035,"Nearctic",7080047060,"USA","MINNESOTA","ltm"
"G1066",2004,2013,10,1,"Electrofishing",43.77362,-91.25849,"Nearctic",7080047060,"USA","MINNESOTA","ltm"
"G1067",2004,2013,10,1,"Electrofishing",43.74442,-91.2508,"Nearctic",7080047060,"USA","WISCONSIN","ltm"
"G1071",2004,2013,10,1,"Electrofishing",41.95499,-90.15572,"Nearctic",7080047060,"USA","ILLINOIS","ltm"
"G1073",2004,2013,10,1,"Electrofishing",42.09582,-90.16816,"Nearctic",7080047060,"USA","IOWA","ltm"
"G965",2004,2013,10,0.8,"Electrofishing",35.15755,-83.38673,"Nearctic",7080047060,"USA","NORTH CAROLINA","ltr"
"G992",2005,2013,10,0.8,"Electrofishing",35.04016,-83.36127,"Nearctic",7080047060,"USA","NORTH CAROLINA","ltr"
"AG1919",2004,2013,10,1,"Electrofishing",41.81973,-87.74319,"Nearctic",7080047060,"USA",NA,"MWRDGC"
"AG1917",2004,2013,10,1,"Electrofishing",41.57059,-88.07832,"Nearctic",7080047060,"USA",NA,"MWRDGC"
"AG1920",2004,2012,10,0.9,"Electrofishing",41.82067,-87.81062,"Nearctic",7080047060,"USA",NA,"MWRDGC"
"AG1928",2004,2012,10,0.9,"Electrofishing",41.97865,-88.13317,"Nearctic",7080047060,"USA",NA,"MWRDGC"
"AG1929",2004,2012,10,0.9,"Electrofishing",41.99295,-87.99526,"Nearctic",7080047060,"USA",NA,"MWRDGC"
"AG1932",2004,2012,10,0.9,"Electrofishing",42.01869,-87.93668,"Nearctic",7080047060,"USA",NA,"MWRDGC"
"AG1935",2004,2012,10,0.9,"Electrofishing",41.59651,-88.06865,"Nearctic",7080047060,"USA",NA,"MWRDGC"
"AG1937",2004,2012,10,0.9,"Electrofishing",42.15273,-87.91006,"Nearctic",7080047060,"USA",NA,"MWRDGC"
"AG1918",2004,2013,10,1,"Electrofishing",41.80112,-87.80157,"Nearctic",7080047060,"USA",NA,"MWRDGC"
"AG7219",2004,2013,10,1,"Electrofishing",40.68778,-80.29972,"Nearctic",7080047060,"USA",NA,"Ohio"
"AG7182",2004,2013,10,1,"Electrofishing",38.81267,-84.2256,"Nearctic",7080047060,"USA",NA,"Ohio"
"AG7183",2004,2013,10,1,"Electrofishing",38.82161,-84.2271,"Nearctic",7080047060,"USA",NA,"Ohio"
"AG7223",2004,2013,10,0.8,"Electrofishing",37.06972,-89.15639,"Nearctic",7080047060,"USA",NA,"Ohio"
"AG7204",2004,2013,10,1,"Electrofishing",39.9528,-80.76328,"Nearctic",7080047060,"USA",NA,"Ohio"
"AG7251",2004,2013,10,1,"Electrofishing",38.72556,-83.03,"Nearctic",7080047060,"USA",NA,"Ohio"
"AG7253",2004,2012,10,0.9,"Electrofishing",38.72912,-82.97076,"Nearctic",7080047060,"USA",NA,"Ohio"
"AG7220",2004,2013,10,1,"Electrofishing",40.69001,-80.29407,"Nearctic",7080047060,"USA",NA,"Ohio"
"AG7195",2004,2013,10,1,"Electrofishing",37.41556,-88.34556,"Nearctic",7080047060,"USA",NA,"Ohio"
"AG7199",2004,2013,10,1,"Electrofishing",37.44917,-88.29389,"Nearctic",7080047060,"USA",NA,"Ohio"
"AG7239",2004,2013,10,1,"Electrofishing",38.49222,-85.48056,"Nearctic",7080047060,"USA",NA,"Ohio"
"AG7241",2004,2013,10,0.9,"Electrofishing",38.52806,-85.41806,"Nearctic",7080047060,"USA",NA,"Ohio"
"AG7242",2004,2013,10,1,"Electrofishing",38.5475,-82.29111,"Nearctic",7080047060,"USA",NA,"Ohio"
"AG7243",2004,2013,10,1,"Electrofishing",38.57667,-82.28833,"Nearctic",7080047060,"USA",NA,"Ohio"
"AG7225",2004,2013,10,0.9,"Electrofishing",37.82056,-87.06028,"Nearctic",7080047060,"USA",NA,"Ohio"
"AG7226",2004,2013,10,1,"Electrofishing",37.82528,-87.05778,"Nearctic",7080047060,"USA",NA,"Ohio"
"AG12678",2004,2013,10,1,"Electrofishing",35.81584,-83.92449,"Nearctic",7080047060,"USA",NA,"Tennessee"
"AG12679",2004,2013,10,1,"Electrofishing",37.04014,-81.79868,"Nearctic",7080047060,"USA",NA,"Tennessee"
"AG12777",2004,2013,10,1,"Electrofishing",35.85158,-83.18825,"Nearctic",7080047060,"USA",NA,"Tennessee"
"AG12779",2004,2013,10,1,"Electrofishing",34.908,-87.03043,"Nearctic",7080047060,"USA",NA,"Tennessee"
"G12161",2004,2013,10,0.9,"Electrofishing",34.47341,-104.2597,"Nearctic",7080049270,"USA","NEW MEXICO","pec"
"G12162",2004,2013,10,1,"Electrofishing",33.39874,-104.3986,"Nearctic",7080049270,"USA","NEW MEXICO","pec"
"G12163",2004,2013,10,0.9,"Electrofishing",33.28178,-104.3563,"Nearctic",7080049270,"USA","NEW MEXICO","pec"
"G12166",2004,2013,10,1,"Electrofishing",32.98959,-104.3174,"Nearctic",7080049270,"USA","NEW MEXICO","pec"
"G12167",2004,2013,10,1,"Electrofishing",32.84051,-104.3239,"Nearctic",7080049270,"USA","NEW MEXICO","pec"
"G12168",2004,2013,10,1,"Electrofishing",32.59824,-104.3499,"Nearctic",7080049270,"USA","NEW MEXICO","pec"
"G12169",2005,2013,10,0.9,"Electrofishing",34.40295,-104.2005,"Nearctic",7080049270,"USA","NEW MEXICO","pec"
"G12170",2004,2013,10,1,"Electrofishing",33.93357,-104.2746,"Nearctic",7080049270,"USA","NEW MEXICO","pec"
"G12172",2004,2013,10,1,"Electrofishing",33.81852,-104.2951,"Nearctic",7080049270,"USA","NEW MEXICO","pec"
"G12173",2004,2013,10,1,"Electrofishing",33.75503,-104.3063,"Nearctic",7080049270,"USA","NEW MEXICO","pec"
"G12175",2004,2013,10,1,"Electrofishing",33.57142,-104.3718,"Nearctic",7080049270,"USA","NEW MEXICO","pec"
"G12177",2004,2013,10,1,"Electrofishing",33.45235,-104.3789,"Nearctic",7080049270,"USA","NEW MEXICO","pec"
